ID,Date,Home_team_ID,Away_team_ID,Price
41900406,2020/10/11,1610612748,1610612747,83
41900405,2020/10/9,1610612747,1610612748,75
41900404,2020/10/6,1610612748,1610612747,62
41900403,2020/10/4,1610612748,1610612747,135
41900402,2020/10/2,1610612747,1610612748,72
41900401,2020/9/30,1610612747,1610612748,49
41900306,2020/9/27,1610612748,1610612738,26
41900315,2020/9/26,1610612747,1610612743,67
41900305,2020/9/25,1610612738,1610612748,148
41900314,2020/9/24,1610612743,1610612747,96
41900304,2020/9/23,1610612748,1610612738,125
41900313,2020/9/22,1610612743,1610612747,102
41900312,2020/9/20,1610612747,1610612743,55
41900303,2020/9/19,1610612748,1610612738,44
41900311,2020/9/18,1610612747,1610612743,53
41900302,2020/9/17,1610612738,1610612748,79
41900301,2020/9/15,1610612738,1610612748,66
41900237,2020/9/15,1610612746,1610612743,46
41900236,2020/9/13,1610612743,1610612746,48
41900225,2020/9/12,1610612747,1610612745,39
41900235,2020/9/11,1610612746,1610612743,62
41900217,2020/9/11,1610612761,1610612738,45
41900224,2020/9/10,1610612745,1610612747,51
41900216,2020/9/9,1610612738,1610612761,65
41900234,2020/9/9,1610612743,1610612746,80
41900205,2020/9/8,1610612749,1610612748,66
41900223,2020/9/8,1610612745,1610612747,61
41900215,2020/9/7,1610612761,1610612738,79
41900233,2020/9/7,1610612743,1610612746,89
41900204,2020/9/6,1610612748,1610612749,80
41900222,2020/9/6,1610612747,1610612745,80
41900214,2020/9/5,1610612738,1610612761,55
41900232,2020/9/5,1610612746,1610612743,60
41900203,2020/9/4,1610612748,1610612749,61
41900221,2020/9/4,1610612747,1610612745,60
41900213,2020/9/3,1610612738,1610612761,58
41900231,2020/9/3,1610612746,1610612743,42
41900202,2020/9/2,1610612749,1610612748,71
41900177,2020/9/2,1610612745,1610612760,48
41900212,2020/9/1,1610612761,1610612738,54
41900167,2020/9/1,1610612743,1610612762,84
41900201,2020/8/31,1610612749,1610612748,56
41900176,2020/8/31,1610612760,1610612745,80
41900211,2020/8/30,1610612761,1610612738,28
41900156,2020/8/30,1610612742,1610612746,99
41900166,2020/8/30,1610612762,1610612743,77
41900105,2020/8/29,1610612749,1610612753,62
41900175,2020/8/29,1610612745,1610612760,93
41900145,2020/8/29,1610612747,1610612757,87
41900165,2020/8/25,1610612743,1610612762,81
41900155,2020/8/25,1610612746,1610612742,70
41900104,2020/8/24,1610612753,1610612749,59
41900174,2020/8/24,1610612760,1610612745,71
41900134,2020/8/24,1610612748,1610612754,72
41900144,2020/8/24,1610612757,1610612747,88
41900124,2020/8/23,1610612755,1610612738,70
41900154,2020/8/23,1610612742,1610612746,29
41900114,2020/8/23,1610612751,1610612761,42
41900164,2020/8/23,1610612762,1610612743,85
41900103,2020/8/22,1610612753,1610612749,138
41900133,2020/8/22,1610612748,1610612754,125
41900173,2020/8/22,1610612760,1610612745,93
41900143,2020/8/22,1610612757,1610612747,113
41900113,2020/8/21,1610612751,1610612761,81
41900163,2020/8/21,1610612762,1610612743,72
41900123,2020/8/21,1610612755,1610612738,33
41900153,2020/8/21,1610612742,1610612746,81
41900132,2020/8/20,1610612754,1610612748,50
41900172,2020/8/20,1610612745,1610612760,118
41900102,2020/8/20,1610612749,1610612753,51
41900142,2020/8/20,1610612747,1610612757,113
41900112,2020/8/19,1610612761,1610612751,83
41900162,2020/8/19,1610612743,1610612762,74
41900122,2020/8/19,1610612738,1610612755,84
41900152,2020/8/19,1610612746,1610612742,50
41900101,2020/8/18,1610612749,1610612753,101
41900131,2020/8/18,1610612754,1610612748,49
41900171,2020/8/18,1610612745,1610612760,90
41900141,2020/8/18,1610612747,1610612757,42
41900161,2020/8/17,1610612743,1610612762,59
41900111,2020/8/17,1610612761,1610612751,106
41900121,2020/8/17,1610612738,1610612755,47
41900151,2020/8/17,1610612746,1610612742,23
51900111,2020/8/15,1610612757,1610612763,87
21901318,2020/8/14,1610612761,1610612743,66
21901316,2020/8/14,1610612754,1610612748,87
21901317,2020/8/14,1610612746,1610612760,83
21901315,2020/8/14,1610612745,1610612755,102
21901308,2020/8/13,1610612738,1610612764,47
21901310,2020/8/13,1610612747,1610612758,90
21901311,2020/8/13,1610612763,1610612749,88
21901313,2020/8/13,1610612756,1610612742,47
21901314,2020/8/13,1610612762,1610612759,50
21901309,2020/8/13,1610612751,1610612757,97
21901312,2020/8/13,1610612753,1610612740,84
21901304,2020/8/12,1610612745,1610612754,56
21901305,2020/8/12,1610612755,1610612761,87
21901306,2020/8/12,1610612760,1610612748,60
21901307,2020/8/12,1610612743,1610612746,116
21901297,2020/8/11,1610612753,1610612751,34
21901298,2020/8/11,1610612759,1610612745,54
21901299,2020/8/11,1610612755,1610612756,54
21901301,2020/8/11,1610612763,1610612738,62
21901300,2020/8/11,1610612742,1610612757,30
21901302,2020/8/11,1610612758,1610612740,22
21901303,2020/8/11,1610612764,1610612749,60
21901292,2020/8/10,1610612756,1610612760,58
21901293,2020/8/10,1610612762,1610612742,54
21901294,2020/8/10,1610612749,1610612761,123
21901295,2020/8/10,1610612748,1610612754,89
21901296,2020/8/10,1610612747,1610612743,76
21901285,2020/8/9,1610612760,1610612764,59
21901286,2020/8/9,1610612761,1610612763,110
21901287,2020/8/9,1610612740,1610612759,105
21901288,2020/8/9,1610612738,1610612753,89
21901289,2020/8/9,1610612757,1610612755,51
21901290,2020/8/9,1610612758,1610612745,68
21901291,2020/8/9,1610612746,1610612751,63
21901280,2020/8/8,1610612757,1610612746,100
21901281,2020/8/8,1610612743,1610612762,48
21901282,2020/8/8,1610612754,1610612747,92
21901283,2020/8/8,1610612748,1610612756,95
21901284,2020/8/8,1610612742,1610612749,62
21901274,2020/8/7,1610612759,1610612762,118
21901275,2020/8/7,1610612763,1610612760,73
21901276,2020/8/7,1610612751,1610612758,47
21901277,2020/8/7,1610612755,1610612753,68
21901278,2020/8/7,1610612740,1610612764,37
21901279,2020/8/7,1610612761,1610612738,89
21901268,2020/8/6,1610612758,1610612740,44
21901269,2020/8/6,1610612749,1610612748,137
21901270,2020/8/6,1610612756,1610612754,31
21901271,2020/8/6,1610612742,1610612746,23
21901272,2020/8/6,1610612743,1610612757,57
21901273,2020/8/6,1610612745,1610612747,113
21901262,2020/8/5,1610612762,1610612763,63
21901263,2020/8/5,1610612764,1610612755,69
21901264,2020/8/5,1610612759,1610612743,40
21901265,2020/8/5,1610612747,1610612760,89
21901266,2020/8/5,1610612753,1610612761,61
21901267,2020/8/5,1610612738,1610612751,37
21901256,2020/8/4,1610612749,1610612751,110
21901257,2020/8/4,1610612758,1610612742,61
21901258,2020/8/4,1610612746,1610612756,85
21901259,2020/8/4,1610612754,1610612753,72
21901260,2020/8/4,1610612748,1610612738,84
21901261,2020/8/4,1610612757,1610612745,36
21901250,2020/8/3,1610612748,1610612761,110
21901251,2020/8/3,1610612760,1610612743,25
21901252,2020/8/3,1610612764,1610612754,138
21901253,2020/8/3,1610612740,1610612763,95
21901254,2020/8/3,1610612755,1610612759,91
21901255,2020/8/3,1610612762,1610612747,100
21901244,2020/8/2,1610612751,1610612764,106
21901245,2020/8/2,1610612738,1610612757,95
21901246,2020/8/2,1610612763,1610612759,94
21901247,2020/8/2,1610612753,1610612758,9
21901248,2020/8/2,1610612745,1610612749,81
21901249,2020/8/2,1610612756,1610612742,68
21901239,2020/8/1,1610612743,1610612748,72
21901240,2020/8/1,1610612760,1610612762,112
21901241,2020/8/1,1610612746,1610612740,31
21901242,2020/8/1,1610612754,1610612755,73
21901243,2020/8/1,1610612761,1610612747,72
21901233,2020/7/31,1610612751,1610612753,54
21901234,2020/7/31,1610612757,1610612763,25
21901235,2020/7/31,1610612764,1610612756,73
21901236,2020/7/31,1610612749,1610612738,110
21901237,2020/7/31,1610612759,1610612758,66
21901238,2020/7/31,1610612742,1610612745,100
21901231,2020/7/30,1610612740,1610612762,55
21901232,2020/7/30,1610612747,1610612746,115
11900128,2020/7/28,1610612748,1610612763,112
11900129,2020/7/28,1610612756,1610612761,70
11900130,2020/7/28,1610612754,1610612759,77
11900131,2020/7/28,1610612757,1610612760,35
11900132,2020/7/28,1610612745,1610612738,77
11900133,2020/7/28,1610612755,1610612742,33
11900123,2020/7/27,1610612747,1610612764,91
11900124,2020/7/27,1610612746,1610612758,93
11900125,2020/7/27,1610612751,1610612762,94
11900126,2020/7/27,1610612743,1610612753,62
11900127,2020/7/27,1610612749,1610612740,90
11900118,2020/7/26,1610612760,1610612755,73
11900119,2020/7/26,1610612738,1610612756,64
11900120,2020/7/26,1610612742,1610612754,54
11900121,2020/7/26,1610612761,1610612757,40
11900122,2020/7/26,1610612763,1610612745,20
11900112,2020/7/25,1610612753,1610612747,96
11900113,2020/7/25,1610612758,1610612749,96
11900114,2020/7/25,1610612762,1610612748,126
11900115,2020/7/25,1610612759,1610612751,6
11900116,2020/7/25,1610612764,1610612746,113
11900117,2020/7/25,1610612740,1610612743,75
11900109,2020/7/24,1610612755,1610612763,61
11900110,2020/7/24,1610612738,1610612760,91
11900111,2020/7/24,1610612761,1610612745,67
11900105,2020/7/23,1610612749,1610612759,33
11900106,2020/7/23,1610612754,1610612757,22
11900107,2020/7/23,1610612747,1610612742,71
11900108,2020/7/23,1610612762,1610612756,46
11900101,2020/7/22,1610612746,1610612753,64
11900102,2020/7/22,1610612743,1610612764,83
11900103,2020/7/22,1610612751,1610612740,85
11900104,2020/7/22,1610612748,1610612758,57
21900971,\\\\\\\\\\\\\\\\\\\\\\\\\\\\\\\\\\\\\\\\\\\\\\\\\\\\\\\\\\\\\\\\\\\\\\\\\\\\\\\\\\\\\\\\\\\\\\\\\\\\\\\\\\\\\\\\\\\\\\\\\\\\\\\\\\\\\\\\\\\\\\\\\\\\\\\\\\\\\\\\\\\\\\\\\\\\\\\\\\\\\\\\\\\\\\\\\\\\\\\\\\\\\\\\\\\\\\\\\\\\\\\\\\\\\\\\\\\\\\\\\\\\\\\\\\\\\\\\\\\,1610612755,1610612765,87
21900969,2020/3/11,1610612737,1610612752,111
21900970,2020/3/11,1610612748,1610612766,66
21900973,2020/3/11,1610612742,1610612743,58
21900960,2020/3/10,1610612754,1610612738,87
21900961,2020/3/10,1610612764,1610612752,113
21900962,2020/3/10,1610612741,1610612739,82
21900963,2020/3/10,1610612745,1610612750,72
21900964,2020/3/10,1610612763,1610612753,61
21900965,2020/3/10,1610612759,1610612742,54
21900966,2020/3/10,1610612757,1610612756,76
21900967,2020/3/10,1610612744,1610612746,59
21900968,2020/3/10,1610612747,1610612751,121
21900957,2020/3/9,1610612737,1610612766,66
21900958,2020/3/9,1610612743,1610612749,73
21900959,2020/3/9,1610612762,1610612761,96
21900946,2020/3/8,1610612751,1610612741,42
21900947,2020/3/8,1610612750,1610612740,74
21900948,2020/3/8,1610612746,1610612747,78
21900949,2020/3/8,1610612738,1610612760,65
21900950,2020/3/8,1610612756,1610612749,83
21900951,2020/3/8,1610612764,1610612748,103
21900952,2020/3/8,1610612742,1610612754,30
21900953,2020/3/8,1610612745,1610612753,41
21900954,2020/3/8,1610612739,1610612759,118
21900955,2020/3/8,1610612752,1610612765,73
21900956,2020/3/8,1610612758,1610612761,68
21900940,2020/3/7,1610612766,1610612745,106
21900941,2020/3/7,1610612765,1610612762,75
21900942,2020/3/7,1610612739,1610612743,132
21900943,2020/3/7,1610612763,1610612737,44
21900944,2020/3/7,1610612744,1610612755,87
21900945,2020/3/7,1610612757,1610612758,129
21900930,2020/3/6,1610612764,1610612737,80
21900931,2020/3/6,1610612751,1610612759,70
21900932,2020/3/6,1610612752,1610612760,51
21900933,2020/3/6,1610612738,1610612762,55
21900934,2020/3/6,1610612741,1610612754,58
21900935,2020/3/6,1610612750,1610612753,67
21900936,2020/3/6,1610612740,1610612748,93
21900937,2020/3/6,1610612742,1610612763,66
21900938,2020/3/6,1610612756,1610612757,87
21900939,2020/3/6,1610612747,1610612749,84
21900926,2020/3/5,1610612766,1610612743,75
21900927,2020/3/5,1610612745,1610612746,73
21900928,2020/3/5,1610612758,1610612755,28
21900929,2020/3/5,1610612744,1610612761,90
21900917,2020/3/4,1610612739,1610612738,61
21900918,2020/3/4,1610612765,1610612760,58
21900924,2020/3/4,1610612749,1610612754,96
21900919,2020/3/4,1610612748,1610612753,117
21900920,2020/3/4,1610612751,1610612763,85
21900921,2020/3/4,1610612752,1610612762,54
21900922,2020/3/4,1610612750,1610612741,105
21900923,2020/3/4,1610612742,1610612740,49
21900925,2020/3/4,1610612757,1610612764,97
21900909,2020/3/3,1610612766,1610612759,60
21900910,2020/3/3,1610612738,1610612751,86
21900911,2020/3/3,1610612740,1610612750,69
21900912,2020/3/3,1610612760,1610612746,104
21900913,2020/3/3,1610612743,1610612744,99
21900914,2020/3/3,1610612756,1610612761,67
21900915,2020/3/3,1610612747,1610612755,110
21900916,2020/3/3,1610612758,1610612764,100
21900902,2020/3/2,1610612739,1610612762,76
21900903,2020/3/2,1610612752,1610612745,107
21900904,2020/3/2,1610612753,1610612757,40
21900905,2020/3/2,1610612737,1610612763,78
21900906,2020/3/2,1610612748,1610612749,8
21900907,2020/3/2,1610612741,1610612742,77
21900908,2020/3/2,1610612759,1610612754,57
21900895,2020/3/1,1610612766,1610612749,100
21900896,2020/3/1,1610612750,1610612742,84
21900897,2020/3/1,1610612746,1610612755,52
21900898,2020/3/1,1610612743,1610612761,68
21900899,2020/3/1,1610612758,1610612765,61
21900900,2020/3/1,1610612740,1610612747,116
21900901,2020/3/1,1610612744,1610612764,35
21900887,2020/2/29,1610612752,1610612741,65
21900888,2020/2/29,1610612737,1610612757,62
21900889,2020/2/29,1610612748,1610612751,40
21900890,2020/2/29,1610612739,1610612754,73
21900891,2020/2/29,1610612763,1610612747,20
21900892,2020/2/29,1610612738,1610612745,76
21900893,2020/2/29,1610612759,1610612753,92
21900894,2020/2/29,1610612756,1610612744,46
21900877,2020/2/28,1610612753,1610612750,82
21900878,2020/2/28,1610612737,1610612751,36
21900879,2020/2/28,1610612761,1610612766,56
21900880,2020/2/28,1610612748,1610612742,73
21900881,2020/2/28,1610612763,1610612758,7
21900882,2020/2/28,1610612749,1610612760,52
21900883,2020/2/28,1610612740,1610612739,107
21900884,2020/2/28,1610612756,1610612765,68
21900885,2020/2/28,1610612762,1610612764,151
21900886,2020/2/28,1610612746,1610612743,92
21900873,2020/2/27,1610612755,1610612752,44
21900874,2020/2/27,1610612754,1610612757,65
21900875,2020/2/27,1610612760,1610612758,68
21900876,2020/2/27,1610612744,1610612747,93
21900864,2020/2/26,1610612766,1610612752,64
21900865,2020/2/26,1610612739,1610612755,64
21900866,2020/2/26,1610612764,1610612751,115
21900867,2020/2/26,1610612737,1610612753,120
21900868,2020/2/26,1610612748,1610612750,144
21900870,2020/2/26,1610612745,1610612763,93
21900869,2020/2/26,1610612759,1610612742,28
21900871,2020/2/26,1610612756,1610612746,66
21900872,2020/2/26,1610612762,1610612738,64
21900857,2020/2/25,1610612754,1610612766,17
21900858,2020/2/25,1610612761,1610612749,89
21900859,2020/2/25,1610612741,1610612760,39
21900860,2020/2/25,1610612743,1610612765,89
21900861,2020/2/25,1610612747,1610612740,59
21900862,2020/2/25,1610612757,1610612738,59
21900863,2020/2/25,1610612744,1610612758,37
21900849,2020/2/24,1610612739,1610612748,66
21900850,2020/2/24,1610612755,1610612737,104
21900851,2020/2/24,1610612764,1610612749,75
21900852,2020/2/24,1610612751,1610612753,46
21900853,2020/2/24,1610612745,1610612752,85
21900854,2020/2/24,1610612742,1610612750,19
21900855,2020/2/24,1610612762,1610612756,58
21900856,2020/2/24,1610612746,1610612763,38
21900842,2020/2/23,1610612747,1610612738,67
21900843,2020/2/23,1610612761,1610612754,75
21900844,2020/2/23,1610612743,1610612750,66
21900845,2020/2/23,1610612741,1610612764,54
21900846,2020/2/23,1610612760,1610612759,71
21900847,2020/2/23,1610612744,1610612740,52
21900848,2020/2/23,1610612757,1610612765,34
21900835,2020/2/22,1610612746,1610612758,60
21900836,2020/2/22,1610612766,1610612751,59
21900837,2020/2/22,1610612737,1610612742,82
21900838,2020/2/22,1610612748,1610612739,52
21900839,2020/2/22,1610612741,1610612756,55
21900840,2020/2/22,1610612749,1610612755,60
21900841,2020/2/22,1610612762,1610612745,28
21900826,2020/2/21,1610612753,1610612742,43
21900827,2020/2/21,1610612764,1610612739,36
21900828,2020/2/21,1610612752,1610612754,66
21900829,2020/2/21,1610612761,1610612756,111
21900830,2020/2/21,1610612750,1610612738,19
21900831,2020/2/21,1610612760,1610612743,108
21900832,2020/2/21,1610612762,1610612759,71
21900833,2020/2/21,1610612747,1610612763,46
21900834,2020/2/21,1610612757,1610612740,55
21900820,2020/2/20,1610612765,1610612749,77
21900821,2020/2/20,1610612737,1610612748,41
21900822,2020/2/20,1610612755,1610612751,60
21900823,2020/2/20,1610612741,1610612766,42
21900824,2020/2/20,1610612758,1610612763,26
21900825,2020/2/20,1610612744,1610612745,57
21900818,2020/2/13,1610612738,1610612746,63
21900819,2020/2/13,1610612740,1610612760,19
21900807,2020/2/12,1610612739,1610612737,44
21900808,2020/2/12,1610612753,1610612765,112
21900809,2020/2/12,1610612751,1610612761,39
21900810,2020/2/12,1610612754,1610612749,57
21900811,2020/2/12,1610612752,1610612764,107
21900812,2020/2/12,1610612763,1610612757,54
21900813,2020/2/12,1610612750,1610612766,89
21900814,2020/2/12,1610612742,1610612758,31
21900815,2020/2/12,1610612756,1610612744,71
21900816,2020/2/12,1610612762,1610612748,78
21900817,2020/2/12,1610612743,1610612747,118
21900802,2020/2/11,1610612755,1610612746,36
21900803,2020/2/11,1610612764,1610612741,42
21900804,2020/2/11,1610612740,1610612757,74
21900805,2020/2/11,1610612760,1610612759,60
21900806,2020/2/11,1610612745,1610612738,39
21900793,2020/2/10,1610612765,1610612766,76
21900794,2020/2/10,1610612754,1610612751,67
21900795,2020/2/10,1610612753,1610612737,61
21900796,2020/2/10,1610612761,1610612750,85
21900797,2020/2/10,1610612749,1610612758,24
21900798,2020/2/10,1610612742,1610612762,68
21900799,2020/2/10,1610612743,1610612759,56
21900800,2020/2/10,1610612744,1610612748,43
21900801,2020/2/10,1610612747,1610612756,71
21900786,2020/2/9,1610612760,1610612738,78
21900787,2020/2/9,1610612737,1610612752,76
21900788,2020/2/9,1610612755,1610612741,122
21900789,2020/2/9,1610612764,1610612763,78
21900790,2020/2/9,1610612745,1610612762,51
21900791,2020/2/9,1610612739,1610612746,27
21900792,2020/2/9,1610612757,1610612748,42
21900777,2020/2/8,1610612753,1610612749,44
21900778,2020/2/8,1610612766,1610612742,93
21900779,2020/2/8,1610612765,1610612752,91
21900780,2020/2/8,1610612754,1610612740,56
21900781,2020/2/8,1610612761,1610612751,79
21900782,2020/2/8,1610612750,1610612746,67
21900783,2020/2/8,1610612744,1610612747,34
21900784,2020/2/8,1610612756,1610612743,60
21900785,2020/2/8,1610612758,1610612759,39
21900769,2020/2/7,1610612755,1610612763,71
21900770,2020/2/7,1610612764,1610612742,93
21900771,2020/2/7,1610612738,1610612737,67
21900772,2020/2/7,1610612754,1610612761,43
21900773,2020/2/7,1610612760,1610612765,87
21900774,2020/2/7,1610612756,1610612745,46
21900775,2020/2/7,1610612758,1610612748,80
21900776,2020/2/7,1610612762,1610612757,73
21900764,2020/2/6,1610612752,1610612753,105
21900765,2020/2/6,1610612741,1610612740,78
21900766,2020/2/6,1610612749,1610612755,64
21900767,2020/2/6,1610612757,1610612759,54
21900768,2020/2/6,1610612747,1610612745,71
21900755,2020/2/5,1610612765,1610612756,73
21900756,2020/2/5,1610612738,1610612753,95
21900757,2020/2/5,1610612751,1610612744,84
21900758,2020/2/5,1610612761,1610612754,32
21900759,2020/2/5,1610612750,1610612737,39
21900760,2020/2/5,1610612760,1610612739,79
21900761,2020/2/5,1610612742,1610612763,81
21900762,2020/2/5,1610612762,1610612743,60
21900763,2020/2/5,1610612746,1610612748,68
21900751,2020/2/4,1610612740,1610612749,54
21900752,2020/2/4,1610612745,1610612766,62
21900753,2020/2/4,1610612743,1610612757,106
21900754,2020/2/4,1610612747,1610612759,88
21900741,2020/2/3,1610612766,1610612753,94
21900742,2020/2/3,1610612739,1610612752,84
21900743,2020/2/3,1610612754,1610612742,45
21900744,2020/2/3,1610612764,1610612744,28
21900745,2020/2/3,1610612737,1610612738,97
21900746,2020/2/3,1610612751,1610612756,63
21900747,2020/2/3,1610612748,1610612755,68
21900748,2020/2/3,1610612763,1610612765,64
21900749,2020/2/3,1610612758,1610612750,88
21900750,2020/2/3,1610612746,1610612759,79
21900737,2020/2/2,1610612765,1610612743,105
21900738,2020/2/2,1610612745,1610612740,109
21900739,2020/2/2,1610612749,1610612756,78
21900740,2020/2/2,1610612761,1610612741,60
21900727,2020/2/1,1610612746,1610612750,70
21900728,2020/2/1,1610612754,1610612752,98
21900729,2020/2/1,1610612753,1610612748,82
21900730,2020/2/1,1610612739,1610612744,32
21900731,2020/2/1,1610612764,1610612751,38
21900732,2020/2/1,1610612738,1610612755,92
21900733,2020/2/1,1610612742,1610612737,50
21900734,2020/2/1,1610612759,1610612766,43
21900736,2020/2/1,1610612758,1610612747,65
21900735,2020/2/1,1610612757,1610612762,94
21900720,2020/1/31,1610612765,1610612761,83
21900721,2020/1/31,1610612751,1610612741,82
21900722,2020/1/31,1610612745,1610612742,52
21900723,2020/1/31,1610612740,1610612763,56
21900724,2020/1/31,1610612749,1610612743,77
21900725,2020/1/31,1610612756,1610612760,24
21900726,2020/1/31,1610612747,1610612757,82
21900714,2020/1/30,1610612739,1610612761,60
21900715,2020/1/30,1610612764,1610612766,85
21900716,2020/1/30,1610612737,1610612755,71
21900717,2020/1/30,1610612738,1610612744,139
21900718,2020/1/30,1610612743,1610612762,45
21900719,2020/1/30,1610612746,1610612758,80
21900708,2020/1/29,1610612754,1610612741,117
21900709,2020/1/29,1610612751,1610612765,58
21900710,2020/1/29,1610612752,1610612763,35
21900711,2020/1/29,1610612759,1610612762,54
21900712,2020/1/29,1610612757,1610612745,103
21900713,2020/1/29,1610612758,1610612760,77
21900699,2020/1/28,1610612766,1610612752,34
21900702,2020/1/28,1610612755,1610612744,93
21900700,2020/1/28,1610612739,1610612740,83
21900703,2020/1/28,1610612761,1610612737,91
21900701,2020/1/28,1610612748,1610612738,59
21900704,2020/1/28,1610612763,1610612743,75
21900705,2020/1/28,1610612749,1610612764,79
21900706,2020/1/28,1610612742,1610612756,19
21900693,2020/1/27,1610612765,1610612739,32
21900694,2020/1/27,1610612748,1610612753,33
21900695,2020/1/27,1610612741,1610612759,65
21900696,2020/1/27,1610612750,1610612758,76
21900697,2020/1/27,1610612760,1610612742,64
21900698,2020/1/27,1610612762,1610612745,133
21900685,2020/1/26,1610612743,1610612745,19
21900686,2020/1/26,1610612759,1610612761,119
21900687,2020/1/26,1610612737,1610612764,80
21900688,2020/1/26,1610612752,1610612751,79
21900689,2020/1/26,1610612753,1610612746,92
21900690,2020/1/26,1610612763,1610612756,52
21900691,2020/1/26,1610612740,1610612738,137
21900692,2020/1/26,1610612757,1610612754,65
21900680,2020/1/25,1610612762,1610612742,75
21900681,2020/1/25,1610612765,1610612751,57
21900682,2020/1/25,1610612739,1610612741,108
21900683,2020/1/25,1610612750,1610612760,94
21900684,2020/1/25,1610612755,1610612747,88
21900669,2020/1/24,1610612766,1610612749,60
21900670,2020/1/24,1610612765,1610612763,62
21900671,2020/1/24,1610612753,1610612738,51
21900672,2020/1/24,1610612752,1610612761,70
21900673,2020/1/24,1610612748,1610612746,59
21900674,2020/1/24,1610612741,1610612758,77
21900675,2020/1/24,1610612750,1610612745,65
21900676,2020/1/24,1610612740,1610612743,95
21900677,2020/1/24,1610612760,1610612737,91
21900678,2020/1/24,1610612759,1610612756,73
21900679,2020/1/24,1610612744,1610612754,110
21900666,2020/1/23,1610612739,1610612764,89
21900667,2020/1/23,1610612751,1610612747,87
21900668,2020/1/23,1610612757,1610612742,126
21900654,2020/1/22,1610612765,1610612758,67
21900655,2020/1/22,1610612753,1610612760,81
21900660,2020/1/22,1610612761,1610612755,174
21900656,2020/1/22,1610612737,1610612746,35
21900657,2020/1/22,1610612738,1610612763,43
21900658,2020/1/22,1610612748,1610612764,40
21900659,2020/1/22,1610612752,1610612747,34
21900661,2020/1/22,1610612741,1610612750,59
21900662,2020/1/22,1610612745,1610612743,64
21900664,2020/1/22,1610612756,1610612754,57
21900663,2020/1/22,1610612740,1610612759,80
21900665,2020/1/22,1610612744,1610612762,73
21900653,2020/1/21,1610612742,1610612746,29
21900639,2020/1/20,1610612764,1610612765,89
21900640,2020/1/20,1610612737,1610612761,105
21900641,2020/1/20,1610612751,1610612755,46
21900642,2020/1/20,1610612766,1610612753,107
21900643,2020/1/20,1610612739,1610612752,79
21900644,2020/1/20,1610612748,1610612758,10
21900645,2020/1/20,1610612745,1610612760,21
21900646,2020/1/20,1610612763,1610612740,42
21900647,2020/1/20,1610612749,1610612741,57
21900648,2020/1/20,1610612738,1610612747,92
21900649,2020/1/20,1610612750,1610612743,76
21900650,2020/1/20,1610612756,1610612759,34
21900651,2020/1/20,1610612762,1610612754,107
21900652,2020/1/20,1610612757,1610612744,80
21900637,2020/1/19,1610612759,1610612748,38
21900638,2020/1/19,1610612743,1610612754,79
21900626,2020/1/18,1610612740,1610612746,124
21900627,2020/1/18,1610612751,1610612749,127
21900628,2020/1/18,1610612738,1610612756,78
21900629,2020/1/18,1610612737,1610612765,82
21900630,2020/1/18,1610612752,1610612755,70
21900631,2020/1/18,1610612741,1610612739,50
21900632,2020/1/18,1610612750,1610612761,78
21900633,2020/1/18,1610612745,1610612747,39
21900634,2020/1/18,1610612744,1610612753,29
21900635,2020/1/18,1610612760,1610612757,69
21900636,2020/1/18,1610612762,1610612758,67
21900619,2020/1/17,1610612754,1610612750,45
21900620,2020/1/17,1610612755,1610612741,97
21900621,2020/1/17,1610612761,1610612764,41
21900622,2020/1/17,1610612763,1610612739,96
21900623,2020/1/17,1610612760,1610612748,137
21900624,2020/1/17,1610612759,1610612737,77
21900625,2020/1/17,1610612742,1610612757,71
21900614,2020/1/16,1610612752,1610612756,116
21900615,2020/1/16,1610612749,1610612738,113
21900616,2020/1/16,1610612740,1610612762,24
21900617,2020/1/16,1610612744,1610612743,73
21900618,2020/1/16,1610612746,1610612753,89
21900604,2020/1/15,1610612738,1610612765,53
21900605,2020/1/15,1610612755,1610612751,14
21900606,2020/1/15,1610612748,1610612759,31
21900607,2020/1/15,1610612741,1610612764,43
21900608,2020/1/15,1610612750,1610612754,167
21900609,2020/1/15,1610612760,1610612761,92
21900610,2020/1/15,1610612743,1610612766,116
21900611,2020/1/15,1610612745,1610612757,66
21900612,2020/1/15,1610612758,1610612742,92
21900613,2020/1/15,1610612747,1610612753,87
21900598,2020/1/14,1610612737,1610612756,82
21900599,2020/1/14,1610612751,1610612762,13
21900600,2020/1/14,1610612763,1610612745,34
21900601,2020/1/14,1610612749,1610612752,43
21900602,2020/1/14,1610612744,1610612742,116
21900603,2020/1/14,1610612746,1610612739,53
21900591,2020/1/13,1610612765,1610612740,117
21900592,2020/1/13,1610612754,1610612755,67
21900593,2020/1/13,1610612738,1610612741,46
21900594,2020/1/13,1610612750,1610612760,58
21900595,2020/1/13,1610612757,1610612766,43
21900596,2020/1/13,1610612758,1610612753,68
21900597,2020/1/13,1610612747,1610612739,74
21900584,2020/1/12,1610612752,1610612748,42
21900585,2020/1/12,1610612764,1610612762,77
21900586,2020/1/12,1610612751,1610612737,39
21900587,2020/1/12,1610612761,1610612759,39
21900588,2020/1/12,1610612763,1610612744,37
21900589,2020/1/12,1610612743,1610612746,90
21900590,2020/1/12,1610612756,1610612766,92
21900577,2020/1/11,1610612745,1610612750,64
21900578,2020/1/11,1610612738,1610612740,51
21900579,2020/1/11,1610612765,1610612741,105
21900580,2020/1/11,1610612760,1610612747,65
21900581,2020/1/11,1610612742,1610612755,90
21900582,2020/1/11,1610612743,1610612739,29
21900583,2020/1/11,1610612757,1610612749,51
21900567,2020/1/10,1610612764,1610612737,46
21900569,2020/1/10,1610612752,1610612740,58
21900568,2020/1/10,1610612751,1610612748,62
21900570,2020/1/10,1610612741,1610612754,66
21900571,2020/1/10,1610612763,1610612759,10
21900573,2020/1/10,1610612756,1610612753,111
21900574,2020/1/10,1610612762,1610612766,73
21900572,2020/1/10,1610612742,1610612747,71
21900575,2020/1/10,1610612758,1610612749,60
21900576,2020/1/10,1610612746,1610612744,88
21900563,2020/1/9,1610612765,1610612739,29
21900564,2020/1/9,1610612755,1610612738,63
21900565,2020/1/9,1610612750,1610612757,88
21900566,2020/1/9,1610612760,1610612745,35
21900554,2020/1/8,1610612738,1610612759,62
21900555,2020/1/8,1610612766,1610612761,73
21900556,2020/1/8,1610612754,1610612748,36
21900557,2020/1/8,1610612753,1610612764,87
21900558,2020/1/8,1610612737,1610612745,58
21900559,2020/1/8,1610612742,1610612743,35
21900560,2020/1/8,1610612740,1610612741,40
21900561,2020/1/8,1610612762,1610612752,49
21900562,2020/1/8,1610612744,1610612749,69
21900548,2020/1/7,1610612739,1610612765,28
21900549,2020/1/7,1610612761,1610612757,43
21900550,2020/1/7,1610612751,1610612760,134
21900551,2020/1/7,1610612763,1610612750,65
21900552,2020/1/7,1610612756,1610612758,64
21900553,2020/1/7,1610612747,1610612752,71
21900539,2020/1/6,1610612766,1610612754,12
21900540,2020/1/6,1610612753,1610612751,77
21900541,2020/1/6,1610612755,1610612760,77
21900542,2020/1/6,1610612764,1610612738,119
21900543,2020/1/6,1610612737,1610612743,71
21900544,2020/1/6,1610612740,1610612762,25
21900545,2020/1/6,1610612742,1610612741,37
21900546,2020/1/6,1610612759,1610612749,33
21900547,2020/1/6,1610612758,1610612744,86
21900534,2020/1/5,1610612746,1610612752,81
21900535,2020/1/5,1610612748,1610612757,60
21900536,2020/1/5,1610612739,1610612750,24
21900537,2020/1/5,1610612756,1610612763,109
21900538,2020/1/5,1610612747,1610612765,85
21900523,2020/1/4,1610612746,1610612763,64
21900524,2020/1/4,1610612751,1610612761,71
21900525,2020/1/4,1610612753,1610612762,29
21900526,2020/1/4,1610612737,1610612754,42
21900527,2020/1/4,1610612739,1610612760,66
21900528,2020/1/4,1610612764,1610612743,87
21900529,2020/1/4,1610612741,1610612738,80
21900530,2020/1/4,1610612742,1610612766,110
21900531,2020/1/4,1610612749,1610612759,23
21900532,2020/1/4,1610612744,1610612765,63
21900533,2020/1/4,1610612758,1610612740,68
21900517,2020/1/3,1610612738,1610612737,71
21900518,2020/1/3,1610612753,1610612748,72
21900519,2020/1/3,1610612764,1610612757,68
21900520,2020/1/3,1610612745,1610612755,129
21900521,2020/1/3,1610612756,1610612752,90
21900522,2020/1/3,1610612747,1610612740,112
21900508,2020/1/2,1610612739,1610612766,61
21900509,2020/1/2,1610612754,1610612743,74
21900510,2020/1/2,1610612748,1610612761,111
21900511,2020/1/2,1610612741,1610612762,61
21900512,2020/1/2,1610612750,1610612744,84
21900513,2020/1/2,1610612742,1610612751,80
21900514,2020/1/2,1610612759,1610612760,94
21900515,2020/1/2,1610612758,1610612763,73
21900516,2020/1/2,1610612746,1610612765,75
21900504,2020/1/1,1610612764,1610612753,42
21900505,2020/1/1,1610612752,1610612757,37
21900506,2020/1/1,1610612749,1610612750,103
21900507,2020/1/1,1610612747,1610612756,82
21900497,2019/12/31,1610612766,1610612738,92
21900498,2019/12/31,1610612754,1610612755,105
21900499,2019/12/31,1610612758,1610612746,105
21900500,2019/12/31,1610612761,1610612739,12
21900501,2019/12/31,1610612745,1610612743,57
21900502,2019/12/31,1610612759,1610612744,113
21900503,2019/12/31,1610612760,1610612742,65
21900491,2019/12/30,1610612753,1610612737,83
21900492,2019/12/30,1610612764,1610612748,73
21900493,2019/12/30,1610612741,1610612749,52
21900494,2019/12/30,1610612750,1610612751,109
21900495,2019/12/30,1610612762,1610612765,102
21900496,2019/12/30,1610612757,1610612756,102
21900486,2019/12/29,1610612761,1610612760,105
21900487,2019/12/29,1610612763,1610612766,37
21900488,2019/12/29,1610612740,1610612745,70
21900489,2019/12/29,1610612743,1610612758,120
21900490,2019/12/29,1610612747,1610612742,78
21900472,2019/12/28,1610612743,1610612763,83
21900473,2019/12/28,1610612738,1610612761,70
21900474,2019/12/28,1610612740,1610612754,116
21900475,2019/12/28,1610612748,1610612755,94
21900476,2019/12/28,1610612764,1610612752,94
21900477,2019/12/28,1610612741,1610612737,129
21900478,2019/12/28,1610612745,1610612751,46
21900479,2019/12/28,1610612750,1610612739,62
21900480,2019/12/28,1610612749,1610612753,102
21900481,2019/12/28,1610612759,1610612765,58
21900482,2019/12/28,1610612744,1610612742,102
21900483,2019/12/28,1610612758,1610612756,26
21900484,2019/12/28,1610612757,1610612747,83
21900485,2019/12/28,1610612746,1610612762,40
21900466,2019/12/27,1610612738,1610612739,47
21900467,2019/12/27,1610612766,1610612760,95
21900468,2019/12/27,1610612753,1610612755,24
21900469,2019/12/27,1610612737,1610612749,56
21900470,2019/12/27,1610612748,1610612754,63
21900471,2019/12/27,1610612744,1610612756,77
21900460,2019/12/26,1610612765,1610612764,79
21900461,2019/12/26,1610612751,1610612752,92
21900462,2019/12/26,1610612760,1610612763,83
21900463,2019/12/26,1610612742,1610612759,55
21900464,2019/12/26,1610612758,1610612750,26
21900465,2019/12/26,1610612762,1610612757,75
21900455,2019/12/25,1610612761,1610612738,122
21900456,2019/12/25,1610612755,1610612749,71
21900457,2019/12/25,1610612744,1610612745,72
21900458,2019/12/25,1610612747,1610612746,14
21900459,2019/12/25,1610612743,1610612740,23
21900444,2019/12/23,1610612739,1610612737,108
21900445,2019/12/23,1610612765,1610612755,76
21900446,2019/12/23,1610612754,1610612761,120
21900447,2019/12/23,1610612752,1610612764,86
21900448,2019/12/23,1610612753,1610612741,108
21900449,2019/12/23,1610612748,1610612762,65
21900450,2019/12/23,1610612763,1610612759,80
21900451,2019/12/23,1610612756,1610612743,43
21900452,2019/12/23,1610612757,1610612740,84
21900453,2019/12/23,1610612758,1610612745,104
21900454,2019/12/23,1610612744,1610612750,72
21900439,2019/12/22,1610612761,1610612742,70
21900440,2019/12/22,1610612738,1610612766,101
21900441,2019/12/22,1610612749,1610612754,74
21900442,2019/12/22,1610612760,1610612746,52
21900443,2019/12/22,1610612747,1610612743,18
21900430,2019/12/21,1610612766,1610612762,122
21900431,2019/12/21,1610612751,1610612737,106
21900432,2019/12/21,1610612765,1610612741,31
21900433,2019/12/21,1610612755,1610612764,31
21900434,2019/12/21,1610612752,1610612749,48
21900435,2019/12/21,1610612763,1610612758,75
21900436,2019/12/21,1610612759,1610612746,65
21900437,2019/12/21,1610612756,1610612745,48
21900438,2019/12/21,1610612757,1610612750,84
21900420,2019/12/20,1610612739,1610612763,43
21900421,2019/12/20,1610612754,1610612758,45
21900422,2019/12/20,1610612738,1610612765,96
21900423,2019/12/20,1610612761,1610612764,51
21900424,2019/12/20,1610612748,1610612752,92
21900425,2019/12/20,1610612755,1610612742,89
21900426,2019/12/20,1610612760,1610612756,118
21900427,2019/12/20,1610612743,1610612750,49
21900428,2019/12/20,1610612757,1610612753,98
21900429,2019/12/20,1610612744,1610612740,32
21900416,2019/12/19,1610612737,1610612762,57
21900417,2019/12/19,1610612749,1610612747,92
21900418,2019/12/19,1610612759,1610612751,83
21900419,2019/12/19,1610612746,1610612745,39
21900407,2019/12/18,1610612739,1610612766,38
21900408,2019/12/18,1610612765,1610612761,88
21900409,2019/12/18,1610612764,1610612741,62
21900410,2019/12/18,1610612755,1610612748,80
21900411,2019/12/18,1610612750,1610612740,74
21900412,2019/12/18,1610612760,1610612763,29
21900414,2019/12/18,1610612743,1610612753,55
21900413,2019/12/18,1610612742,1610612738,111
21900415,2019/12/18,1610612757,1610612744,35
21900401,2019/12/17,1610612766,1610612758,49
21900402,2019/12/17,1610612754,1610612747,112
21900403,2019/12/17,1610612752,1610612737,106
21900404,2019/12/17,1610612740,1610612751,78
21900405,2019/12/17,1610612762,1610612753,84
21900406,2019/12/17,1610612746,1610612756,32
21900394,2019/12/16,1610612765,1610612764,121
21900395,2019/12/16,1610612761,1610612739,83
21900396,2019/12/16,1610612745,1610612759,76
21900397,2019/12/16,1610612763,1610612748,79
21900398,2019/12/16,1610612749,1610612742,84
21900399,2019/12/16,1610612760,1610612741,48
21900400,2019/12/16,1610612756,1610612757,38
21900388,2019/12/15,1610612740,1610612753,75
21900389,2019/12/15,1610612754,1610612766,58
21900390,2019/12/15,1610612737,1610612747,93
21900391,2019/12/15,1610612751,1610612755,61
21900392,2019/12/15,1610612743,1610612752,102
21900393,2019/12/15,1610612744,1610612758,134
21900380,2019/12/14,1610612756,1610612759,96
21900381,2019/12/14,1610612761,1610612751,78
21900382,2019/12/14,1610612741,1610612746,46
21900383,2019/12/14,1610612763,1610612764,110
21900384,2019/12/14,1610612742,1610612748,36
21900385,2019/12/14,1610612749,1610612739,109
21900386,2019/12/14,1610612745,1610612765,55
21900387,2019/12/14,1610612743,1610612760,66
21900371,2019/12/13,1610612753,1610612745,95
21900372,2019/12/13,1610612755,1610612740,78
21900374,2019/12/13,1610612748,1610612747,98
21900373,2019/12/13,1610612737,1610612754,58
21900375,2019/12/13,1610612741,1610612766,63
21900376,2019/12/13,1610612763,1610612749,111
21900379,2019/12/13,1610612762,1610612744,42
21900377,2019/12/13,1610612750,1610612746,70
21900378,2019/12/13,1610612758,1610612752,108
21900367,2019/12/12,1610612738,1610612755,62
21900368,2019/12/12,1610612759,1610612739,47
21900369,2019/12/12,1610612765,1610612742,103
21900370,2019/12/12,1610612743,1610612757,94
21900356,2019/12/11,1610612739,1610612745,46
21900357,2019/12/11,1610612754,1610612738,81
21900358,2019/12/11,1610612753,1610612747,34
21900359,2019/12/11,1610612761,1610612746,34
21900360,2019/12/11,1610612751,1610612766,84
21900361,2019/12/11,1610612741,1610612737,59
21900362,2019/12/11,1610612750,1610612762,27
21900363,2019/12/11,1610612756,1610612763,47
21900364,2019/12/11,1610612749,1610612740,57
21900365,2019/12/11,1610612758,1610612760,88
21900366,2019/12/11,1610612744,1610612752,72
21900352,2019/12/10,1610612766,1610612764,90
21900353,2019/12/10,1610612755,1610612743,13
21900354,2019/12/10,1610612748,1610612737,71
21900355,2019/12/10,1610612757,1610612752,51
21900343,2019/12/9,1610612754,1610612746,38
21900344,2019/12/9,1610612738,1610612739,34
21900345,2019/12/9,1610612741,1610612761,77
21900346,2019/12/9,1610612745,1610612758,26
21900347,2019/12/9,1610612749,1610612753,79
21900348,2019/12/9,1610612740,1610612765,54
21900349,2019/12/9,1610612756,1610612750,53
21900350,2019/12/9,1610612762,1610612760,65
21900351,2019/12/9,1610612744,1610612763,92
21900335,2019/12/8,1610612751,1610612743,21
21900336,2019/12/8,1610612766,1610612737,49
21900337,2019/12/8,1610612748,1610612741,51
21900338,2019/12/8,1610612755,1610612761,109
21900339,2019/12/8,1610612764,1610612746,126
21900340,2019/12/8,1610612742,1610612758,49
21900341,2019/12/8,1610612757,1610612760,65
21900342,2019/12/8,1610612747,1610612750,24
21900330,2019/12/7,1610612742,1610612740,77
21900331,2019/12/7,1610612752,1610612754,61
21900332,2019/12/7,1610612755,1610612739,91
21900333,2019/12/7,1610612745,1610612756,151
21900334,2019/12/7,1610612762,1610612763,55
21900320,2019/12/6,1610612766,1610612751,41
21900321,2019/12/6,1610612739,1610612753,26
21900322,2019/12/6,1610612765,1610612754,53
21900323,2019/12/6,1610612738,1610612743,70
21900324,2019/12/6,1610612748,1610612764,90
21900325,2019/12/6,1610612741,1610612744,107
21900326,2019/12/6,1610612760,1610612750,103
21900327,2019/12/6,1610612749,1610612746,23
21900328,2019/12/6,1610612759,1610612758,85
21900329,2019/12/6,1610612757,1610612747,32
21900316,2019/12/5,1610612764,1610612755,83
21900317,2019/12/5,1610612752,1610612743,48
21900318,2019/12/5,1610612761,1610612745,61
21900319,2019/12/5,1610612740,1610612756,54
21900306,2019/12/4,1610612766,1610612744,72
21900307,2019/12/4,1610612765,1610612749,108
21900308,2019/12/4,1610612753,1610612756,81
21900309,2019/12/4,1610612737,1610612751,79
21900310,2019/12/4,1610612738,1610612748,61
21900311,2019/12/4,1610612741,1610612763,38
21900312,2019/12/4,1610612760,1610612754,67
21900313,2019/12/4,1610612742,1610612750,83
21900314,2019/12/4,1610612762,1610612747,83
21900315,2019/12/4,1610612757,1610612758,52
21900299,2019/12/3,1610612739,1610612765,44
21900300,2019/12/3,1610612764,1610612753,22
21900301,2019/12/3,1610612761,1610612748,89
21900302,2019/12/3,1610612740,1610612742,159
21900303,2019/12/3,1610612759,1610612745,93
21900304,2019/12/3,1610612743,1610612747,82
21900305,2019/12/3,1610612746,1610612757,52
21900293,2019/12/2,1610612766,1610612756,77
21900294,2019/12/2,1610612755,1610612762,87
21900295,2019/12/2,1610612737,1610612744,45
21900296,2019/12/2,1610612763,1610612754,88
21900297,2019/12/2,1610612749,1610612752,106
21900298,2019/12/2,1610612758,1610612741,92
21900284,2019/12/1,1610612751,1610612748,41
21900285,2019/12/1,1610612752,1610612738,66
21900286,2019/12/1,1610612750,1610612763,45
21900287,2019/12/1,1610612747,1610612742,36
21900288,2019/12/1,1610612765,1610612759,71
21900289,2019/12/1,1610612740,1610612760,55
21900290,2019/12/1,1610612753,1610612744,100
21900291,2019/12/1,1610612761,1610612762,42
21900292,2019/12/1,1610612746,1610612764,90
21900280,2019/11/30,1610612758,1610612743,67
21900281,2019/11/30,1610612755,1610612754,59
21900282,2019/11/30,1610612745,1610612737,66
21900283,2019/11/30,1610612749,1610612766,51
21900267,2019/11/29,1610612751,1610612738,31
21900268,2019/11/29,1610612765,1610612766,42
21900269,2019/11/29,1610612753,1610612761,68
21900270,2019/11/29,1610612739,1610612749,98
21900271,2019/11/29,1610612752,1610612755,62
21900272,2019/11/29,1610612754,1610612737,122
21900273,2019/11/29,1610612748,1610612744,32
21900274,2019/11/29,1610612763,1610612762,98
21900275,2019/11/29,1610612760,1610612740,95
21900276,2019/11/29,1610612759,1610612746,78
21900277,2019/11/29,1610612756,1610612742,49
21900278,2019/11/29,1610612757,1610612741,65
21900279,2019/11/29,1610612747,1610612764,60
21900253,2019/11/27,1610612738,1610612751,115
21900254,2019/11/27,1610612766,1610612765,103
21900255,2019/11/27,1610612739,1610612753,48
21900256,2019/11/27,1610612754,1610612762,104
21900257,2019/11/27,1610612755,1610612758,31
21900258,2019/11/27,1610612761,1610612752,67
21900259,2019/11/27,1610612745,1610612748,52
21900260,2019/11/27,1610612763,1610612746,74
21900261,2019/11/27,1610612749,1610612737,67
21900262,2019/11/27,1610612759,1610612750,43
21900263,2019/11/27,1610612756,1610612764,88
21900264,2019/11/27,1610612740,1610612747,63
21900265,2019/11/27,1610612757,1610612760,93
21900266,2019/11/27,1610612744,1610612741,58
21900251,2019/11/26,1610612742,1610612746,52
21900252,2019/11/26,1610612743,1610612764,56
21900240,2019/11/25,1610612739,1610612751,61
21900241,2019/11/25,1610612765,1610612753,82
21900242,2019/11/25,1610612754,1610612763,100
21900243,2019/11/25,1610612737,1610612750,36
21900244,2019/11/25,1610612738,1610612758,103
21900245,2019/11/25,1610612748,1610612766,72
21900246,2019/11/25,1610612761,1610612755,57
21900247,2019/11/25,1610612741,1610612757,98
21900248,2019/11/25,1610612749,1610612762,61
21900249,2019/11/25,1610612759,1610612747,59
21900250,2019/11/25,1610612744,1610612760,16
21900235,2019/11/24,1610612745,1610612742,108
21900236,2019/11/24,1610612752,1610612751,96
21900237,2019/11/24,1610612764,1610612758,114
21900238,2019/11/24,1610612743,1610612756,65
21900239,2019/11/24,1610612746,1610612740,62
21900225,2019/11/23,1610612750,1610612756,47
21900226,2019/11/23,1610612766,1610612741,128
21900227,2019/11/23,1610612754,1610612753,65
21900228,2019/11/23,1610612737,1610612761,80
21900229,2019/11/23,1610612752,1610612759,50
21900230,2019/11/23,1610612755,1610612748,119
21900231,2019/11/23,1610612739,1610612757,53
21900232,2019/11/23,1610612763,1610612747,100
21900233,2019/11/23,1610612749,1610612765,58
21900234,2019/11/23,1610612762,1610612740,113
21900215,2019/11/22,1610612765,1610612737,101
21900216,2019/11/22,1610612764,1610612766,102
21900217,2019/11/22,1610612751,1610612758,67
21900218,2019/11/22,1610612755,1610612759,31
21900219,2019/11/22,1610612741,1610612748,54
21900220,2019/11/22,1610612760,1610612747,81
21900221,2019/11/22,1610612742,1610612739,84
21900222,2019/11/22,1610612743,1610612738,80
21900223,2019/11/22,1610612762,1610612744,39
21900224,2019/11/22,1610612746,1610612745,101
21900213,2019/11/21,1610612749,1610612757,118
21900214,2019/11/21,1610612756,1610612740,80
21900202,2019/11/20,1610612755,1610612752,70
21900203,2019/11/20,1610612764,1610612759,42
21900204,2019/11/20,1610612737,1610612749,90
21900205,2019/11/20,1610612751,1610612766,86
21900206,2019/11/20,1610612748,1610612739,67
21900207,2019/11/20,1610612761,1610612753,56
21900208,2019/11/20,1610612742,1610612744,84
21900209,2019/11/20,1610612741,1610612765,103
21900210,2019/11/20,1610612750,1610612762,91
21900211,2019/11/20,1610612743,1610612745,89
21900212,2019/11/20,1610612746,1610612738,57
21900198,2019/11/19,1610612763,1610612744,28
21900199,2019/11/19,1610612740,1610612757,117
21900200,2019/11/19,1610612758,1610612756,22
21900201,2019/11/19,1610612747,1610612760,61
21900189,2019/11/18,1610612752,1610612739,21
21900190,2019/11/18,1610612751,1610612754,91
21900191,2019/11/18,1610612761,1610612766,51
21900192,2019/11/18,1610612741,1610612749,78
21900193,2019/11/18,1610612745,1610612757,87
21900194,2019/11/18,1610612742,1610612759,43
21900195,2019/11/18,1610612756,1610612738,83
21900196,2019/11/18,1610612762,1610612750,73
21900197,2019/11/18,1610612746,1610612760,83
21900183,2019/11/17,1610612739,1610612755,74
21900184,2019/11/17,1610612758,1610612738,95
21900185,2019/11/17,1610612753,1610612764,71
21900186,2019/11/17,1610612763,1610612743,129
21900187,2019/11/17,1610612740,1610612744,64
21900188,2019/11/17,1610612747,1610612737,108
21900175,2019/11/16,1610612741,1610612751,56
21900176,2019/11/16,1610612754,1610612749,98
21900177,2019/11/16,1610612752,1610612766,48
21900178,2019/11/16,1610612748,1610612740,77
21900179,2019/11/16,1610612750,1610612745,73
21900180,2019/11/16,1610612742,1610612761,55
21900181,2019/11/16,1610612759,1610612757,107
21900182,2019/11/16,1610612746,1610612737,62
21900167,2019/11/15,1610612766,1610612765,67
21900168,2019/11/15,1610612753,1610612759,78
21900169,2019/11/15,1610612745,1610612754,42
21900170,2019/11/15,1610612763,1610612762,33
21900171,2019/11/15,1610612750,1610612764,124
21900172,2019/11/15,1610612760,1610612755,51
21900173,2019/11/15,1610612744,1610612738,109
21900174,2019/11/15,1610612747,1610612758,91
21900161,2019/11/14,1610612739,1610612748,95
21900162,2019/11/14,1610612752,1610612742,65
21900163,2019/11/14,1610612749,1610612741,109
21900164,2019/11/14,1610612740,1610612746,81
21900165,2019/11/14,1610612756,1610612737,27
21900166,2019/11/14,1610612743,1610612751,92
21900154,2019/11/13,1610612766,1610612763,105
21900155,2019/11/13,1610612753,1610612755,64
21900156,2019/11/13,1610612738,1610612764,90
21900157,2019/11/13,1610612745,1610612746,133
21900158,2019/11/13,1610612750,1610612759,32
21900159,2019/11/13,1610612747,1610612744,50
21900160,2019/11/13,1610612757,1610612761,121
21900146,2019/11/12,1610612754,1610612760,74
21900147,2019/11/12,1610612755,1610612739,48
21900148,2019/11/12,1610612748,1610612765,99
21900149,2019/11/12,1610612741,1610612752,78
21900150,2019/11/12,1610612743,1610612737,50
21900151,2019/11/12,1610612756,1610612747,77
21900152,2019/11/12,1610612762,1610612751,35
21900153,2019/11/12,1610612758,1610612757,107
21900140,2019/11/11,1610612765,1610612750,113
21900141,2019/11/11,1610612738,1610612742,61
21900143,2019/11/11,1610612759,1610612763,111
21900142,2019/11/11,1610612740,1610612745,76
21900144,2019/11/11,1610612744,1610612762,12
21900145,2019/11/11,1610612746,1610612761,83
21900132,2019/11/10,1610612750,1610612743,77
21900133,2019/11/10,1610612753,1610612754,68
21900134,2019/11/10,1610612755,1610612766,25
21900135,2019/11/10,1610612760,1610612749,69
21900136,2019/11/10,1610612752,1610612739,136
21900137,2019/11/10,1610612756,1610612751,69
21900138,2019/11/10,1610612757,1610612737,73
21900139,2019/11/10,1610612747,1610612761,57
21900127,2019/11/9,1610612759,1610612738,62
21900128,2019/11/9,1610612766,1610612740,35
21900129,2019/11/9,1610612741,1610612745,66
21900130,2019/11/9,1610612763,1610612742,49
21900131,2019/11/9,1610612760,1610612744,81
21900116,2019/11/8,1610612754,1610612765,91
21900117,2019/11/8,1610612753,1610612763,56
21900118,2019/11/8,1610612764,1610612739,113
21900119,2019/11/8,1610612737,1610612758,82
21900120,2019/11/8,1610612750,1610612744,63
21900121,2019/11/8,1610612740,1610612761,23
21900122,2019/11/8,1610612742,1610612752,117
21900123,2019/11/8,1610612743,1610612755,99
21900124,2019/11/8,1610612762,1610612749,41
21900125,2019/11/8,1610612757,1610612751,66
21900126,2019/11/8,1610612747,1610612748,45
21900112,2019/11/7,1610612766,1610612738,91
21900113,2019/11/7,1610612759,1610612760,87
21900114,2019/11/7,1610612756,1610612748,52
21900115,2019/11/7,1610612746,1610612757,52
21900103,2019/11/6,1610612765,1610612752,51
21900104,2019/11/6,1610612754,1610612764,42
21900105,2019/11/6,1610612737,1610612741,48
21900106,2019/11/6,1610612761,1610612758,80
21900107,2019/11/6,1610612745,1610612744,33
21900108,2019/11/6,1610612763,1610612750,117
21900109,2019/11/6,1610612742,1610612753,28
21900110,2019/11/6,1610612762,1610612755,105
21900111,2019/11/6,1610612746,1610612749,62
21900097,2019/11/5,1610612766,1610612754,47
21900098,2019/11/5,1610612739,1610612738,87
21900099,2019/11/5,1610612737,1610612759,38
21900100,2019/11/5,1610612741,1610612747,43
21900101,2019/11/5,1610612760,1610612753,123
21900102,2019/11/5,1610612743,1610612748,59
21900091,2019/11/4,1610612764,1610612765,55
21900092,2019/11/4,1610612751,1610612740,119
21900093,2019/11/4,1610612763,1610612745,62
21900094,2019/11/4,1610612750,1610612749,56
21900095,2019/11/4,1610612756,1610612755,44
21900096,2019/11/4,1610612744,1610612757,25
21900085,2019/11/3,1610612754,1610612741,55
21900086,2019/11/3,1610612748,1610612745,107
21900087,2019/11/3,1610612752,1610612758,61
21900088,2019/11/3,1610612759,1610612747,67
21900089,2019/11/3,1610612739,1610612742,67
21900090,2019/11/3,1610612746,1610612762,79
21900077,2019/11/2,1610612760,1610612740,70
21900078,2019/11/2,1610612765,1610612751,52
21900079,2019/11/2,1610612753,1610612743,85
21900080,2019/11/2,1610612764,1610612750,66
21900081,2019/11/2,1610612763,1610612756,78
21900082,2019/11/2,1610612749,1610612761,80
21900083,2019/11/2,1610612744,1610612766,55
21900084,2019/11/2,1610612757,1610612755,60
21900069,2019/11/1,1610612751,1610612745,71
21900070,2019/11/1,1610612754,1610612739,21
21900071,2019/11/1,1610612753,1610612749,130
21900072,2019/11/1,1610612738,1610612752,13
21900073,2019/11/1,1610612741,1610612765,75
21900074,2019/11/1,1610612742,1610612747,64
21900075,2019/11/1,1610612758,1610612762,24
21900076,2019/11/1,1610612744,1610612759,122
21900066,2019/10/31,1610612737,1610612748,22
21900067,2019/10/31,1610612740,1610612743,77
21900068,2019/10/31,1610612746,1610612759,74
21900055,2019/10/30,1610612739,1610612741,67
21900056,2019/10/30,1610612753,1610612752,40
21900057,2019/10/30,1610612755,1610612750,93
21900058,2019/10/30,1610612738,1610612749,70
21900059,2019/10/30,1610612751,1610612754,76
21900060,2019/10/30,1610612761,1610612765,39
21900061,2019/10/30,1610612764,1610612745,48
21900062,2019/10/30,1610612760,1610612757,65
21900063,2019/10/30,1610612762,1610612746,91
21900064,2019/10/30,1610612758,1610612766,43
21900065,2019/10/30,1610612744,1610612756,89
21900052,2019/10/29,1610612748,1610612737,91
21900053,2019/10/29,1610612743,1610612742,84
21900054,2019/10/29,1610612747,1610612763,47
21900041,2019/10/28,1610612765,1610612754,57
21900042,2019/10/28,1610612752,1610612741,44
21900043,2019/10/28,1610612737,1610612755,54
21900044,2019/10/28,1610612761,1610612753,85
21900045,2019/10/28,1610612745,1610612760,57
21900046,2019/10/28,1610612749,1610612739,17
21900047,2019/10/28,1610612740,1610612744,52
21900048,2019/10/28,1610612759,1610612757,68
21900049,2019/10/28,1610612756,1610612762,122
21900050,2019/10/28,1610612758,1610612743,50
21900051,2019/10/28,1610612746,1610612766,38
21900036,2019/10/27,1610612760,1610612744,98
21900037,2019/10/27,1610612763,1610612751,57
21900038,2019/10/27,1610612742,1610612757,36
21900039,2019/10/27,1610612750,1610612748,35
21900040,2019/10/27,1610612747,1610612766,14
21900026,2019/10/26,1610612749,1610612748,83
21900027,2019/10/26,1610612765,1610612755,16
21900028,2019/10/26,1610612737,1610612753,59
21900029,2019/10/26,1610612752,1610612738,79
21900030,2019/10/26,1610612739,1610612754,103
21900031,2019/10/26,1610612741,1610612761,92
21900032,2019/10/26,1610612745,1610612740,94
21900033,2019/10/26,1610612759,1610612764,47
21900034,2019/10/26,1610612762,1610612758,70
21900035,2019/10/26,1610612756,1610612746,78
21900017,2019/10/25,1610612738,1610612761,71
21900018,2019/10/25,1610612766,1610612750,34
21900019,2019/10/25,1610612751,1610612752,78
21900020,2019/10/25,1610612763,1610612741,36
21900021,2019/10/25,1610612740,1610612742,107
21900022,2019/10/25,1610612760,1610612764,55
21900023,2019/10/25,1610612743,1610612756,65
21900024,2019/10/25,1610612758,1610612757,85
21900025,2019/10/25,1610612747,1610612762,115
21900014,2019/10/24,1610612765,1610612737,123
21900015,2019/10/24,1610612745,1610612749,81
21900016,2019/10/24,1610612744,1610612746,43
21900003,2019/10/23,1610612766,1610612741,84
21900004,2019/10/23,1610612754,1610612765,77
21900005,2019/10/23,1610612753,1610612739,29
21900006,2019/10/23,1610612751,1610612750,75
21900007,2019/10/23,1610612748,1610612763,15
21900008,2019/10/23,1610612755,1610612738,56
21900009,2019/10/23,1610612742,1610612764,6
21900010,2019/10/23,1610612759,1610612752,37
21900011,2019/10/23,1610612762,1610612760,56
21900012,2019/10/23,1610612756,1610612758,93
21900013,2019/10/23,1610612757,1610612743,8
21900001,2019/10/22,1610612761,1610612740,57
21900002,2019/10/22,1610612746,1610612747,81
11900074,2019/10/18,1610612755,1610612764,72
11900075,2019/10/18,1610612751,1610612761,49
11900076,2019/10/18,1610612748,1610612745,62
11900077,2019/10/18,1610612752,1610612740,14
11900078,2019/10/18,1610612759,1610612763,57
11900079,2019/10/18,1610612744,1610612747,69
11900069,2019/10/17,1610612753,1610612748,124
11900070,2019/10/17,1610612741,1610612737,35
11900071,2019/10/17,1610612749,1610612750,8
11900072,2019/10/17,1610612743,1610612757,17
11900073,2019/10/17,1610612746,1610612742,85
11900062,2019/10/16,1610612766,1610612765,38
11900063,2019/10/16,1610612752,1610612737,58
11900064,2019/10/16,1610612745,1610612759,81
11900065,2019/10/16,1610612760,1610612763,78
11900066,2019/10/16,1610612762,1610612757,96
11900068,2019/10/16,1610612747,1610612744,37
11900059,2019/10/15,1610612739,1610612738,70
11900060,2019/10/15,1610612754,1610612750,28
11900061,2019/10/15,1610612755,1610612765,41
11900053,2019/10/14,1610612748,1610612737,74
11900054,2019/10/14,1610612763,1610612766,71
11900055,2019/10/14,1610612742,1610612760,57
11900057,2019/10/14,1610612762,1610612758,71
11900056,2019/10/14,1610612756,1610612743,52
11900058,2019/10/14,1610612747,1610612744,32
11900046,2019/10/13,1610612738,1610612739,88
11900048,2019/10/13,1610612759,1610612740,52
11900049,2019/10/13,1610612753,1610612755,46
11900050,2019/10/13,1610612761,1610612741,89
11900051,2019/10/13,1610612764,1610612749,52
11900044,2019/10/12,1610612751,1610612747,83
11900045,2019/10/12,1610612757,1610612756,82
11900037,2019/10/11,1610612765,1610612739,42
11900038,2019/10/11,1610612754,1610612741,71
11900039,2019/10/11,1610612753,1610612738,43
11900040,2019/10/11,1610612766,1610612755,113
11900041,2019/10/11,1610612752,1610612764,58
11900042,2019/10/11,1610612740,1610612762,106
11900043,2019/10/11,1610612742,1610612749,113
11900030,2019/10/10,1610612745,1610612761,54
11900031,2019/10/10,1610612747,1610612751,34
11900034,2019/10/10,1610612758,1610612756,93
11900035,2019/10/10,1610612744,1610612750,113
11900036,2019/10/10,1610612746,1610612743,94
11900024,2019/10/9,1610612765,1610612742,64
11900026,2019/10/9,1610612737,1610612753,72
11900027,2019/10/9,1610612766,1610612748,45
11900028,2019/10/9,1610612741,1610612740,84
11900029,2019/10/9,1610612749,1610612762,89
11900017,2019/10/8,1610612761,1610612745,87
11900019,2019/10/8,1610612748,1610612759,60
11900021,2019/10/8,1610612760,1610612742,77
11900022,2019/10/8,1610612756,1610612750,64
11900023,2019/10/8,1610612757,1610612743,67
11900013,2019/10/7,1610612765,1610612753,29
11900014,2019/10/7,1610612764,1610612752,92
11900015,2019/10/7,1610612737,1610612740,78
11900016,2019/10/7,1610612741,1610612749,79
11900010,2019/10/6,1610612738,1610612766,67
11900005,2019/10/5,1610612754,1610612758,95
11900006,2019/10/5,1610612744,1610612747,89
11900007,2019/10/5,1610612759,1610612753,49
11900002,2019/10/4,1610612746,1610612745,106
11900003,2019/10/4,1610612758,1610612754,65
