Referee_ID,Game_ID
12788,41900406
12392,41900406
12548,41900405
12190,41900405
13340,41900404
13104,41900404
13657,41900403
12614,41900403
12365,41900402
13387,41900402
13340,41900401
13640,41900401
12360,41900306
12945,41900306
12190,41900315
13410,41900315
13768,41900305
12511,41900305
13602,41900314
12511,41900314
12788,41900304
12783,41900304
12788,41900313
13173,41900313
12360,41900312
13449,41900312
13602,41900303
13652,41900303
12565,41900311
13961,41900311
12783,41900302
13032,41900302
13340,41900301
12360,41900301
12788,41900237
12783,41900237
13387,41900236
13107,41900236
12945,41900225
13343,41900225
13602,41900235
12511,41900235
13395,41900217
12565,41900217
13856,41900224
14001,41900224
13652,41900216
13602,41900216
12365,41900234
13961,41900234
13410,41900205
13395,41900205
13410,41900223
13400,41900223
12783,41900215
13104,41900215
12614,41900233
13652,41900233
13104,41900204
12788,41900204
13400,41900222
13395,41900222
13410,41900214
13343,41900214
13856,41900232
13517,41900232
13343,41900203
13961,41900203
13602,41900221
13173,41900221
12190,41900213
12812,41900213
13343,41900231
12783,41900231
12365,41900202
12548,41900202
13768,41900177
12565,41900177
12360,41900212
13340,41900212
13652,41900167
12788,41900167
13107,41900201
12614,41900201
13856,41900176
13768,41900176
12360,41900211
12783,41900211
12614,41900156
12511,41900156
13806,41900166
13640,41900166
12812,41900105
13602,41900105
12511,41900175
13107,41900175
12788,41900145
12565,41900145
13387,41900165
12945,41900165
13782,41900155
13961,41900155
13961,41900104
12565,41900104
12360,41900174
13340,41900174
13104,41900134
13657,41900134
13340,41900144
13173,41900144
12392,41900124
13806,41900124
13173,41900154
13395,41900154
13104,41900114
13032,41900114
13395,41900164
13657,41900164
12548,41900103
12511,41900103
12392,41900133
13173,41900133
13410,41900173
13782,41900173
13104,41900143
13343,41900143
13782,41900113
13104,41900113
13768,41900163
13449,41900163
13961,41900123
13517,41900123
13343,41900153
12783,41900153
12812,41900132
13657,41900132
12565,41900172
13782,41900172
13173,41900102
13640,41900102
12812,41900142
13387,41900142
12565,41900112
13856,41900112
13602,41900162
13652,41900162
13104,41900122
13961,41900122
13400,41900152
12511,41900152
12812,41900101
12392,41900101
13173,41900131
14001,41900131
13410,41900171
13652,41900171
14001,41900141
13657,41900141
13961,41900161
12812,41900161
13961,41900111
13104,41900111
12614,41900121
12812,41900121
14001,41900151
12365,41900151
13449,51900111
12548,51900111
13782,21901318
13340,21901318
13340,21901316
13782,21901316
13400,21901317
13768,21901317
13173,21901315
12190,21901315
13395,21901308
13032,21901308
12360,21901310
12783,21901310
13856,21901311
13104,21901311
13032,21901313
13602,21901313
12548,21901314
13652,21901314
13340,21901309
12360,21901309
12788,21901312
13856,21901312
13340,21901304
13782,21901304
13652,21901305
13517,21901305
13400,21901306
13032,21901306
12360,21901307
13104,21901307
13657,21901297
13961,21901297
12565,21901298
13387,21901298
13657,21901299
14001,21901299
12565,21901301
12945,21901301
14001,21901300
12783,21901300
12783,21901302
13768,21901302
13640,21901303
13400,21901303
13032,21901292
12783,21901292
13449,21901293
14001,21901293
13387,21901294
14001,21901294
13400,21901295
13395,21901295
13400,21901296
13782,21901296
12565,21901285
12365,21901285
12511,21901286
13657,21901286
12783,21901287
14001,21901287
12565,21901288
12783,21901288
13782,21901289
13806,21901289
13768,21901290
12945,21901290
12783,21901291
12788,21901291
12360,21901280
12392,21901280
13104,21901281
12392,21901281
12614,21901282
12548,21901282
13395,21901283
13387,21901283
14001,21901284
12788,21901284
13387,21901274
13652,21901274
13517,21901275
13657,21901275
13410,21901276
13173,21901276
12392,21901277
13657,21901277
13856,21901278
14001,21901278
12614,21901279
13602,21901279
13340,21901268
13449,21901268
12190,21901269
12812,21901269
12360,21901270
12511,21901270
12392,21901271
12812,21901271
13806,21901272
13640,21901272
12614,21901273
12365,21901273
13782,21901262
12614,21901262
13517,21901263
13340,21901263
13387,21901264
13856,21901264
13856,21901265
13782,21901265
12783,21901266
13961,21901266
13517,21901267
13340,21901267
13652,21901256
13173,21901256
12190,21901257
13768,21901257
13107,21901258
13782,21901258
13782,21901259
12945,21901259
13104,21901260
13652,21901260
13173,21901261
13400,21901261
13602,21901250
13517,21901250
13640,21901251
13449,21901251
13104,21901252
12945,21901252
12614,21901253
13107,21901253
12788,21901254
13806,21901254
12548,21901255
13657,21901255
13449,21901244
14001,21901244
13782,21901245
12511,21901245
13387,21901246
13652,21901246
13107,21901247
13517,21901247
13856,21901248
13410,21901248
13400,21901249
12511,21901249
13657,21901239
13410,21901239
13410,21901240
13395,21901240
12788,21901241
13657,21901241
12614,21901242
13652,21901242
13410,21901243
13657,21901243
12511,21901233
12614,21901233
12392,21901234
13657,21901234
12565,21901235
13806,21901235
12392,21901236
13856,21901236
13387,21901237
13449,21901237
12360,21901238
12783,21901238
12548,21901231
12783,21901231
12614,21901232
13782,21901232
14001,11900128
13387,11900128
14001,11900129
12565,11900129
12565,11900130
13032,11900130
13652,11900131
13449,11900131
12548,11900132
13652,11900132
13517,11900133
12548,11900133
13961,11900123
12783,11900123
13387,11900124
13410,11900124
12945,11900125
13340,11900125
13340,11900126
12190,11900126
12360,11900127
12365,11900127
12392,11900118
13602,11900118
12812,11900119
12365,11900119
13343,11900120
12812,11900120
13449,11900121
13395,11900121
13768,11900122
13657,11900122
12365,11900112
13173,11900112
13768,11900113
13856,11900113
12812,11900114
13657,11900114
13400,11900115
14001,11900115
13395,11900116
13107,11900116
12614,11900117
13343,11900117
13410,11900109
13107,11900109
13032,11900110
13104,11900110
12392,11900111
13449,11900111
12360,11900105
13657,11900105
13343,11900106
12565,11900106
12360,11900107
13449,11900107
14001,11900108
13657,11900108
13032,11900101
12788,11900101
13173,11900102
12614,11900102
12392,11900103
12365,11900103
12365,11900104
13782,11900104
12365,21900971
13602,21900971
12788,21900969
13657,21900969
13768,21900970
12392,21900970
12392,21900973
13640,21900973
13961,21900960
12614,21900960
13395,21900961
12783,21900961
12614,21900962
13652,21900962
12614,21900963
12783,21900963
13343,21900964
12365,21900964
13602,21900965
12392,21900965
13640,21900966
13961,21900966
13449,21900967
13173,21900967
13400,21900968
13961,21900968
13032,21900957
13173,21900957
13173,21900958
12945,21900958
12614,21900959
12788,21900959
13173,21900946
13640,21900946
12788,21900947
12190,21900947
13032,21900948
12565,21900948
12392,21900949
13517,21900949
13107,21900950
12788,21900950
12511,21900951
12190,21900951
12511,21900952
13400,21900952
13657,21900953
13782,21900953
13104,21900954
12365,21900954
13173,21900955
13387,21900955
12190,21900956
12788,21900956
12812,21900940
13107,21900940
13652,21900941
13657,21900941
12783,21900942
12360,21900942
12812,21900943
13640,21900943
13410,21900944
12360,21900944
12614,21900945
13387,21900945
12565,21900930
13961,21900930
13640,21900931
13856,21900931
13400,21900932
12190,21900932
13395,21900933
12565,21900933
13400,21900934
13657,21900934
13410,21900935
12511,21900935
12788,21900936
13395,21900936
13387,21900937
13806,21900937
13343,21900938
13782,21900938
12365,21900939
13395,21900939
12360,21900926
13107,21900926
13173,21900927
13640,21900927
12511,21900928
13400,21900928
13395,21900929
12511,21900929
13856,21900917
13340,21900917
13104,21900918
13652,21900918
13400,21900924
13961,21900924
13961,21900919
12812,21900919
13652,21900920
13104,21900920
12783,21900921
12365,21900921
12511,21900922
12360,21900922
13640,21900923
13104,21900923
13652,21900925
13782,21900925
12783,21900909
13517,21900909
12392,21900910
13032,21900910
13387,21900911
13602,21900911
12945,21900912
13961,21900912
13640,21900913
13343,21900913
13410,21900914
13602,21900914
12511,21900915
12360,21900915
13602,21900916
13517,21900916
13517,21900902
12365,21900902
13343,21900903
12392,21900903
13768,21900904
13652,21900904
12614,21900905
13107,21900905
13340,21900906
13782,21900906
13657,21900907
12565,21900907
12392,21900908
13856,21900908
13395,21900895
13107,21900895
13107,21900896
13517,21900896
12360,21900897
13343,21900897
13410,21900898
13340,21900898
12812,21900899
13782,21900899
12360,21900900
12548,21900900
12365,21900901
13640,21900901
12614,21900887
13410,21900887
13640,21900888
12365,21900888
13387,21900889
12392,21900889
13107,21900890
12190,21900890
13517,21900891
13343,21900891
13395,21900892
13602,21900892
13602,21900893
12783,21900893
13400,21900894
13640,21900894
12365,21900877
13856,21900877
13340,21900878
12365,21900878
13517,21900879
13032,21900879
14001,21900880
13782,21900880
12783,21900881
13107,21900881
12548,21900882
13173,21900882
12812,21900883
13806,21900883
13104,21900884
13640,21900884
12788,21900885
12945,21900885
12788,21900886
13107,21900886
13806,21900873
12360,21900873
13856,21900874
13400,21900874
12548,21900875
13768,21900875
12190,21900876
13387,21900876
13104,21900864
12614,21900864
13410,21900865
12614,21900865
13107,21900866
13652,21900866
13961,21900867
13640,21900867
12360,21900868
13602,21900868
13107,21900870
12565,21900870
13107,21900869
12360,21900869
13173,21900871
12783,21900871
12783,21900872
13395,21900872
12511,21900857
13173,21900857
13410,21900858
13517,21900858
13806,21900859
12945,21900859
13173,21900860
13449,21900860
12548,21900861
12360,21900861
12812,21900862
12360,21900862
13387,21900863
12783,21900863
13640,21900849
12783,21900849
13173,21900850
13517,21900850
12360,21900851
12392,21900851
12812,21900852
12783,21900852
13032,21900853
13640,21900853
13343,21900854
12548,21900854
13400,21900855
13343,21900855
13032,21900856
13173,21900856
13387,21900842
12565,21900842
12945,21900843
13032,21900843
12788,21900844
13961,21900844
13387,21900845
12190,21900845
13657,21900846
13640,21900846
14001,21900847
13782,21900847
12783,21900848
13640,21900848
13782,21900835
12365,21900835
13449,21900836
13340,21900836
13395,21900837
12614,21900837
12365,21900838
13340,21900838
12392,21900839
12812,21900839
13449,21900840
12812,21900840
12614,21900841
12365,21900841
13449,21900826
13602,21900826
13856,21900827
13410,21900827
13806,21900828
12812,21900828
13961,21900829
13104,21900829
12565,21900830
13032,21900830
13340,21900831
12365,21900831
13395,21900832
13104,21900832
13410,21900833
12392,21900833
13640,21900834
12548,21900834
13032,21900820
13768,21900820
13343,21900821
13410,21900821
13856,21900822
13449,21900822
12788,21900823
12783,21900823
12614,21900824
13449,21900824
13410,21900825
12392,21900825
13806,21900818
14001,21900818
13640,21900819
13104,21900819
13340,21900807
13107,21900807
13395,21900808
13806,21900808
13517,21900809
13961,21900809
13856,21900810
13640,21900810
12565,21900811
12365,21900811
13961,21900812
13856,21900812
13104,21900813
13640,21900813
12812,21900814
12360,21900814
13652,21900815
13640,21900815
13517,21900816
13107,21900816
12614,21900817
13806,21900817
12783,21900802
13768,21900802
14001,21900803
12511,21900803
13032,21900804
13961,21900804
13768,21900805
13395,21900805
12190,21900806
12548,21900806
12788,21900793
12392,21900793
13657,21900794
13343,21900794
12392,21900795
12788,21900795
13400,21900796
13032,21900796
12190,21900797
13107,21900797
13602,21900798
13400,21900798
13449,21900799
13410,21900799
12190,21900800
13387,21900800
13961,21900801
13652,21900801
12360,21900786
13104,21900786
12511,21900787
12365,21900787
13395,21900788
13856,21900788
13856,21900789
13806,21900789
13602,21900790
13517,21900790
13400,21900791
12945,21900791
13173,21900792
12945,21900792
12783,21900777
13173,21900777
13517,21900778
13032,21900778
13602,21900779
13104,21900779
12783,21900780
13343,21900780
13387,21900781
12812,21900781
13107,21900782
12548,21900782
13032,21900783
13395,21900783
13343,21900784
13782,21900784
12392,21900785
13782,21900785
13517,21900769
13652,21900769
12365,21900770
12190,21900770
12365,21900771
12392,21900771
13657,21900772
13400,21900772
13806,21900773
13652,21900773
13395,21900774
13343,21900774
13517,21900775
13652,21900775
13640,21900776
13173,21900776
12365,21900764
12783,21900764
13400,21900765
13395,21900765
13449,21900766
13602,21900766
12614,21900767
13387,21900767
12392,21900768
13343,21900768
13768,21900755
13387,21900755
13395,21900756
13400,21900756
13395,21900757
13652,21900757
14001,21900758
13107,21900758
14001,21900759
13806,21900759
12945,21900760
13107,21900760
13640,21900761
13107,21900761
13449,21900762
12548,21900762
13343,21900763
13782,21900763
13640,21900751
13395,21900751
12788,21900752
13173,21900752
13856,21900753
13449,21900753
13173,21900754
12360,21900754
13173,21900741
13806,21900741
13410,21900742
13602,21900742
14001,21900743
12945,21900743
13782,21900744
13343,21900744
13640,21900745
13395,21900745
13782,21900746
13400,21900746
12783,21900747
12945,21900747
12360,21900748
12548,21900748
13032,21900749
13104,21900749
13410,21900750
13640,21900750
12565,21900737
12365,21900737
13340,21900738
13107,21900738
13032,21900739
13961,21900739
12511,21900740
13602,21900740
12190,21900727
13806,21900727
12392,21900728
12788,21900728
13400,21900729
13856,21900729
13657,21900730
12548,21900730
13395,21900731
13173,21900731
13657,21900732
13340,21900732
13400,21900733
13107,21900733
13806,21900734
12511,21900734
13449,21900736
12945,21900736
13340,21900735
13173,21900735
13104,21900720
13449,21900720
13032,21900721
13961,21900721
12945,21900722
13107,21900722
13961,21900723
13395,21900723
12614,21900724
13782,21900724
13104,21900725
12783,21900725
13107,21900726
13856,21900726
13640,21900714
12190,21900714
13387,21900715
12548,21900715
13806,21900716
13517,21900716
12945,21900717
12614,21900717
13400,21900718
12190,21900718
13449,21900719
12783,21900719
13395,21900708
13400,21900708
13104,21900709
12812,21900709
13395,21900710
12788,21900710
13856,21900711
12511,21900711
13104,21900712
12614,21900712
12548,21900713
13107,21900713
13104,21900699
13107,21900699
12783,21900702
13104,21900702
12565,21900700
14001,21900700
13032,21900703
13782,21900703
13387,21900701
13640,21900701
13340,21900704
12788,21900704
13961,21900705
14001,21900705
13107,21900706
13806,21900706
13107,21900693
13173,21900693
12392,21900694
13517,21900694
13806,21900695
12812,21900695
12565,21900696
13107,21900696
13387,21900697
13343,21900697
12392,21900698
12548,21900698
12614,21900685
12365,21900685
13856,21900686
13652,21900686
13768,21900687
13517,21900687
12548,21900688
13387,21900688
12360,21900689
12783,21900689
12783,21900690
13652,21900690
12614,21900691
12365,21900691
13768,21900692
13640,21900692
12392,21900680
13387,21900680
13640,21900681
12190,21900681
12812,21900682
13652,21900682
14001,21900683
13400,21900683
12812,21900684
13173,21900684
13387,21900669
12360,21900669
13768,21900670
14001,21900670
13104,21900671
13340,21900671
12614,21900672
12783,21900672
13657,21900673
12548,21900673
13517,21900674
13782,21900674
13340,21900675
12783,21900675
12614,21900676
13961,21900676
14001,21900677
13400,21900677
13856,21900678
12788,21900678
13173,21900679
13856,21900679
13340,21900666
13517,21900666
13856,21900667
13640,21900667
13782,21900668
13104,21900668
13856,21900654
12511,21900654
13961,21900655
13602,21900655
13657,21900660
13782,21900660
12614,21900656
12360,21900656
13602,21900657
12565,21900657
13517,21900658
13449,21900658
12548,21900659
13768,21900659
13640,21900661
12614,21900661
13640,21900662
13782,21900662
13961,21900664
12783,21900664
12614,21900663
13961,21900663
12945,21900665
13602,21900665
12190,21900653
13340,21900653
13806,21900639
12548,21900639
13768,21900640
13657,21900640
12360,21900641
13400,21900641
13400,21900642
13517,21900642
13173,21900643
12565,21900643
14001,21900644
13806,21900644
12812,21900645
12511,21900645
12565,21900646
13640,21900646
12945,21900647
13410,21900647
13107,21900648
13856,21900648
12365,21900649
13400,21900649
13768,21900650
13400,21900650
13961,21900651
12190,21900651
13343,21900652
13340,21900652
12614,21900637
13107,21900637
12548,21900638
12614,21900638
13395,21900626
13400,21900626
12812,21900627
13961,21900627
12614,21900628
13856,21900628
13640,21900629
12365,21900629
12783,21900630
13340,21900630
12565,21900631
13768,21900631
13602,21900632
13782,21900632
12365,21900633
12565,21900633
13640,21900634
12365,21900634
13104,21900635
12548,21900635
12812,21900636
12360,21900636
13652,21900619
12365,21900619
12614,21900620
13107,21900620
12360,21900621
12945,21900621
12360,21900622
13400,21900622
13400,21900623
13343,21900623
13410,21900624
13806,21900624
12392,21900625
13449,21900625
13602,21900614
12511,21900614
13806,21900615
13395,21900615
12392,21900616
12360,21900616
12945,21900617
12365,21900617
12365,21900618
12360,21900618
12360,21900604
13768,21900604
12392,21900605
13657,21900605
13449,21900606
13961,21900606
13602,21900607
12392,21900607
12812,21900608
12614,21900608
13782,21900609
13652,21900609
13400,21900610
12565,21900610
12392,21900611
12783,21900611
13400,21900612
13768,21900612
13395,21900613
12788,21900613
12812,21900598
12190,21900598
14001,21900599
12788,21900599
12360,21900600
12565,21900600
12945,21900601
13856,21900601
13856,21900602
13782,21900602
13173,21900603
13104,21900603
12788,21900591
12190,21900591
13657,21900592
12812,21900592
12945,21900593
12365,21900593
12511,21900594
12788,21900594
12812,21900595
13782,21900595
12365,21900596
13387,21900596
12945,21900597
13602,21900597
13449,21900584
12511,21900584
12945,21900585
13173,21900585
13652,21900586
12812,21900586
12788,21900587
13782,21900587
12812,21900588
12360,21900588
13032,21900589
12548,21900589
13782,21900590
13449,21900590
13410,21900577
13652,21900577
13104,21900578
13449,21900578
13032,21900579
13410,21900579
12565,21900580
13395,21900580
12360,21900581
14001,21900581
13856,21900582
13449,21900582
13400,21900583
13032,21900583
13410,21900567
13032,21900567
14001,21900569
13173,21900569
12614,21900568
14001,21900568
13107,21900570
13173,21900570
12190,21900571
14001,21900571
13400,21900573
13768,21900573
13387,21900574
12548,21900574
13652,21900572
12614,21900572
12614,21900575
12783,21900575
13395,21900576
12392,21900576
12548,21900563
14001,21900563
13449,21900564
12812,21900564
13410,21900565
12812,21900565
13032,21900566
12548,21900566
13032,21900554
12392,21900554
13340,21900555
12190,21900555
12788,21900556
12812,21900556
13652,21900557
13400,21900557
13032,21900558
13806,21900558
13782,21900559
12945,21900559
14001,21900560
12945,21900560
13387,21900561
13340,21900561
13806,21900562
12365,21900562
12360,21900548
13657,21900548
13173,21900549
12945,21900549
13173,21900550
12392,21900550
13107,21900551
12511,21900551
12614,21900552
12392,21900552
13410,21900553
13640,21900553
13782,21900539
13856,21900539
13652,21900540
12783,21900540
13517,21900541
12812,21900541
13410,21900542
13856,21900542
12565,21900543
13652,21900543
13107,21900544
12614,21900544
13961,21900545
13806,21900545
13343,21900546
12190,21900546
12511,21900547
12190,21900547
13173,21900534
13517,21900534
13107,21900535
13449,21900535
13107,21900536
12788,21900536
13032,21900537
13104,21900537
13806,21900538
13400,21900538
12360,21900523
13340,21900523
13640,21900524
12365,21900524
12945,21900525
13343,21900525
12548,21900526
12614,21900526
12360,21900527
13107,21900527
13602,21900528
13768,21900528
12365,21900529
13032,21900529
12614,21900530
13517,21900530
13602,21900531
12783,21900531
12392,21900532
13602,21900532
13032,21900533
12812,21900533
13173,21900517
13410,21900517
13652,21900518
13173,21900518
12360,21900519
13173,21900519
13806,21900520
12783,21900520
12614,21900521
13657,21900521
12565,21900522
13517,21900522
12190,21900508
13340,21900508
13768,21900509
13961,21900509
13768,21900510
13173,21900510
13107,21900511
13602,21900511
12783,21900512
12392,21900512
12511,21900513
13395,21900513
13343,21900514
13395,21900514
13173,21900515
12548,21900515
13107,21900516
13410,21900516
12788,21900504
12783,21900504
13343,21900505
12365,21900505
12614,21900506
13400,21900506
13449,21900507
13856,21900507
12614,21900497
12190,21900497
13343,21900498
13602,21900498
13104,21900499
13395,21900499
12783,21900500
13640,21900500
13104,21900501
12945,21900501
13107,21900502
13517,21900502
13768,21900503
13449,21900503
13400,21900491
13768,21900491
12812,21900492
12788,21900492
13340,21900493
12945,21900493
12788,21900494
12783,21900494
12614,21900495
13387,21900495
13806,21900496
12392,21900496
14001,21900486
13400,21900486
13602,21900487
12511,21900487
13768,21900488
14001,21900488
13961,21900489
12783,21900489
13449,21900490
12565,21900490
13517,21900472
13343,21900472
14001,21900473
13768,21900473
12392,21900474
13340,21900474
13400,21900475
12190,21900475
13657,21900476
14001,21900476
12548,21900477
13768,21900477
12548,21900478
13856,21900478
13410,21900479
13806,21900479
13961,21900480
13768,21900480
13652,21900481
13032,21900481
12783,21900482
13657,21900482
13640,21900483
13173,21900483
13173,21900484
13104,21900484
13449,21900485
13104,21900485
12365,21900466
13602,21900466
12783,21900467
12511,21900467
13032,21900468
12548,21900468
13410,21900469
13173,21900469
13602,21900470
13387,21900470
12783,21900471
12360,21900471
12783,21900460
13107,21900460
12392,21900461
13657,21900461
13602,21900462
12788,21900462
13640,21900463
13768,21900463
13782,21900464
12788,21900464
13652,21900465
13410,21900465
12511,21900455
13652,21900455
12783,21900456
13856,21900456
13657,21900457
13340,21900457
13410,21900458
12614,21900458
13032,21900459
12565,21900459
13032,21900444
13640,21900444
13806,21900445
14001,21900445
12360,21900446
13806,21900446
13395,21900447
13387,21900447
13856,21900448
12392,21900448
12788,21900449
13806,21900449
12511,21900450
13652,21900450
13640,21900451
13652,21900451
13395,21900452
12392,21900452
12788,21900453
13961,21900453
13340,21900454
13640,21900454
12392,21900439
12365,21900439
12788,21900440
13517,21900440
12783,21900441
12365,21900441
13961,21900442
13640,21900442
12783,21900443
13400,21900443
13517,21900430
12614,21900430
13768,21900431
13340,21900431
13856,21900432
13602,21900432
12945,21900433
13343,21900433
12812,21900434
12614,21900434
13107,21900435
13657,21900435
13602,21900436
13410,21900436
13395,21900437
12548,21900437
13395,21900438
13400,21900438
12614,21900420
13340,21900420
13652,21900421
13387,21900421
12783,21900422
13107,21900422
13343,21900423
13449,21900423
13107,21900424
12783,21900424
12783,21900425
13782,21900425
13806,21900426
13343,21900426
13400,21900427
12812,21900427
13652,21900428
13387,21900428
13032,21900429
13410,21900429
13517,21900416
13104,21900416
13410,21900417
13107,21900417
12812,21900418
12548,21900418
13961,21900419
13806,21900419
12548,21900407
13652,21900407
12565,21900408
13410,21900408
13602,21900409
13657,21900409
12548,21900410
12812,21900410
13602,21900411
13856,21900411
13449,21900412
13856,21900412
13806,21900414
13107,21900414
12360,21900413
13343,21900413
13517,21900415
13652,21900415
12365,21900401
13340,21900401
13640,21900402
12783,21900402
13961,21900403
12365,21900403
13395,21900404
13107,21900404
13961,21900405
12548,21900405
13410,21900406
13657,21900406
12614,21900394
13340,21900394
12788,21900395
13657,21900395
12548,21900396
13652,21900396
13856,21900397
12548,21900397
12392,21900398
13657,21900398
12190,21900399
12614,21900399
13395,21900400
13343,21900400
12511,21900388
13387,21900388
13449,21900389
12190,21900389
12190,21900390
12365,21900390
13806,21900391
13173,21900391
12783,21900392
13107,21900392
12392,21900393
12190,21900393
12365,21900380
12548,21900380
13856,21900381
13410,21900381
13517,21900382
13343,21900382
13768,21900383
12565,21900383
13806,21900384
13782,21900384
13517,21900385
12614,21900385
13410,21900386
13107,21900386
12392,21900387
13340,21900387
12565,21900371
13768,21900371
13032,21900372
13173,21900372
13657,21900374
12565,21900374
13410,21900373
13806,21900373
13032,21900375
13856,21900375
13395,21900376
13640,21900376
13032,21900379
13387,21900379
12365,21900377
13400,21900377
13856,21900378
12788,21900378
13395,21900367
12812,21900367
13640,21900368
13343,21900368
12190,21900369
12788,21900369
12783,21900370
12190,21900370
13387,21900356
12392,21900356
12548,21900357
12614,21900357
13856,21900358
13032,21900358
12548,21900359
13173,21900359
13400,21900360
13340,21900360
13961,21900361
12945,21900361
13806,21900362
13410,21900362
13032,21900363
13782,21900363
13806,21900364
13340,21900364
13340,21900365
13856,21900365
13173,21900366
12190,21900366
12360,21900352
12190,21900352
13387,21900353
13449,21900353
13410,21900354
12190,21900354
13395,21900355
13640,21900355
13961,21900343
13782,21900343
13517,21900344
13173,21900344
13400,21900345
13104,21900345
12783,21900346
13387,21900346
13782,21900347
12360,21900347
12788,21900348
13657,21900348
13782,21900349
13449,21900349
12511,21900350
12365,21900350
13657,21900351
12190,21900351
13400,21900335
13657,21900335
13173,21900336
13640,21900336
13400,21900337
12511,21900337
12614,21900338
13517,21900338
12190,21900339
12614,21900339
12365,21900340
13173,21900340
12945,21900341
13173,21900341
13806,21900342
13387,21900342
13517,21900330
14001,21900330
12365,21900331
13768,21900331
13107,21900332
12565,21900332
13652,21900333
12945,21900333
12783,21900334
13652,21900334
12190,21900320
13449,21900320
12360,21900321
12365,21900321
13657,21900322
13104,21900322
13782,21900323
12360,21900323
12548,21900324
12788,21900324
13652,21900325
13640,21900325
13806,21900326
13657,21900326
12565,21900327
14001,21900327
13173,21900328
13410,21900328
13768,21900329
13961,21900329
12614,21900316
13173,21900316
13806,21900317
12788,21900317
13602,21900318
13782,21900318
12788,21900319
13449,21900319
14001,21900306
13340,21900306
13173,21900307
13107,21900307
13395,21900308
13856,21900308
12511,21900309
13340,21900309
13449,21900310
13768,21900310
12548,21900311
13410,21900311
13032,21900312
13395,21900312
13449,21900313
13410,21900313
13173,21900314
12548,21900314
13410,21900315
13856,21900315
13410,21900299
13652,21900299
13768,21900300
13517,21900300
13395,21900301
14001,21900301
13768,21900302
13517,21900302
13173,21900303
12565,21900303
13602,21900304
13387,21900304
13806,21900305
12190,21900305
13449,21900293
13657,21900293
13856,21900294
13449,21900294
12511,21900295
12788,21900295
13856,21900296
13449,21900296
12511,21900297
13173,21900297
12360,21900298
13107,21900298
12783,21900284
13410,21900284
12565,21900285
13657,21900285
13768,21900286
12788,21900286
13395,21900287
12945,21900287
12788,21900288
13395,21900288
13343,21900289
12565,21900289
13395,21900290
13173,21900290
13961,21900291
13400,21900291
13856,21900292
12565,21900292
12548,21900280
12788,21900280
12614,21900281
12788,21900281
12812,21900282
13343,21900282
13602,21900283
13032,21900283
13782,21900267
13640,21900267
12548,21900268
12812,21900268
12788,21900269
12812,21900269
13395,21900270
13782,21900270
12392,21900271
13961,21900271
13768,21900272
13602,21900272
13961,21900273
13640,21900273
13768,21900274
13340,21900274
13856,21900275
13768,21900275
13640,21900276
12190,21900276
12511,21900277
12365,21900277
12812,21900278
13343,21900278
12365,21900279
12392,21900279
13387,21900253
13032,21900253
12945,21900254
12190,21900254
13961,21900255
13395,21900255
13768,21900256
12360,21900256
12511,21900257
13782,21900257
12365,21900258
13961,21900258
13768,21900259
12783,21900259
12945,21900260
13387,21900260
12812,21900261
12511,21900261
13032,21900262
13410,21900262
13449,21900263
12360,21900263
13387,21900264
12812,21900264
13173,21900265
12365,21900265
13410,21900266
12360,21900266
13782,21900251
13340,21900251
12365,21900252
14001,21900252
13449,21900240
12190,21900240
13173,21900241
13961,21900241
13782,21900242
13032,21900242
12190,21900243
12783,21900243
12812,21900244
12190,21900244
13602,21900245
12788,21900245
12392,21900246
13856,21900246
13782,21900247
12511,21900247
13104,21900248
13768,21900248
12565,21900249
12360,21900249
12511,21900250
12392,21900250
13856,21900235
13340,21900235
12392,21900236
13768,21900236
13400,21900237
13387,21900237
12565,21900238
13340,21900238
13107,21900239
13640,21900239
13640,21900225
12945,21900225
12365,21900226
12511,21900226
13395,21900227
12565,21900227
13340,21900228
13104,21900228
12945,21900229
12783,21900229
13387,21900230
12614,21900230
12945,21900231
13104,21900231
12565,21900232
13961,21900232
13107,21900233
13768,21900233
13768,21900234
12565,21900234
12945,21900215
12548,21900215
12788,21900216
12190,21900216
13782,21900217
13768,21900217
13395,21900218
13107,21900218
13395,21900219
12614,21900219
13449,21900220
13856,21900220
12392,21900221
13104,21900221
12788,21900222
13387,21900222
13602,21900223
12392,21900223
13449,21900224
12783,21900224
13806,21900213
13961,21900213
12565,21900214
13449,21900214
12945,21900202
13173,21900202
12511,21900203
13856,21900203
13032,21900204
13768,21900204
14001,21900205
12365,21900205
13410,21900206
13104,21900206
12365,21900207
13387,21900207
13640,21900208
12360,21900208
13640,21900209
13768,21900209
12360,21900210
12945,21900210
13517,21900211
13652,21900211
12365,21900212
12360,21900212
13449,21900198
12788,21900198
13640,21900199
12190,21900199
13856,21900200
12788,21900200
13400,21900201
12565,21900201
12783,21900189
12365,21900189
12548,21900190
12392,21900190
13768,21900191
12812,21900191
13856,21900192
12783,21900192
13173,21900193
13107,21900193
13602,21900194
13449,21900194
12190,21900195
13961,21900195
13343,21900196
13104,21900196
12365,21900197
12548,21900197
13640,21900183
13856,21900183
13961,21900184
12365,21900184
13602,21900185
13343,21900185
13652,21900186
13782,21900186
13343,21900187
13410,21900187
13657,21900188
12365,21900188
13032,21900175
12812,21900175
12392,21900176
13782,21900176
13602,21900177
12190,21900177
13652,21900178
12565,21900178
13104,21900179
13173,21900179
13107,21900180
13768,21900180
12783,21900181
13782,21900181
13400,21900182
13657,21900182
13343,21900167
12565,21900167
13173,21900168
12392,21900168
12614,21900169
13806,21900169
13961,21900170
13400,21900170
12190,21900171
13449,21900171
13652,21900172
13602,21900172
13449,21900173
14001,21900173
12788,21900174
13387,21900174
13410,21900161
12360,21900161
13640,21900162
13517,21900162
14001,21900163
12614,21900163
12565,21900164
13652,21900164
13395,21900165
13343,21900165
12360,21900166
13410,21900166
13856,21900154
13657,21900154
13856,21900155
13449,21900155
13782,21900156
13856,21900156
13657,21900157
13387,21900157
12190,21900158
13602,21900158
13768,21900159
12788,21900159
12392,21900160
13104,21900160
13449,21900146
13517,21900146
12190,21900147
13107,21900147
12365,21900148
12788,21900148
13782,21900149
13768,21900149
13410,21900150
12788,21900150
13640,21900151
13806,21900151
13032,21900152
13104,21900152
13768,21900153
13410,21900153
13806,21900140
13856,21900140
13602,21900141
13517,21900141
13104,21900143
13343,21900143
13961,21900142
13652,21900142
12783,21900144
13104,21900144
13961,21900145
12360,21900145
12392,21900132
13340,21900132
12812,21900133
12614,21900133
12511,21900134
12365,21900134
12548,21900135
13449,21900135
13340,21900136
12365,21900136
13340,21900137
13343,21900137
12190,21900138
12392,21900138
12190,21900139
13343,21900139
12190,21900127
12511,21900127
13806,21900128
13640,21900128
13806,21900129
13410,21900129
13640,21900130
13782,21900130
13782,21900131
12565,21900131
12565,21900116
14001,21900116
13768,21900117
13107,21900117
13104,21900118
12614,21900118
12365,21900119
12190,21900119
13173,21900120
13343,21900120
13173,21900121
12783,21900121
13640,21900122
12548,21900122
13395,21900123
12614,21900123
13768,21900124
12788,21900124
13517,21900125
12614,21900125
13032,21900126
13449,21900126
13410,21900112
12511,21900112
13657,21900113
12511,21900113
14001,21900114
13107,21900114
13449,21900115
13395,21900115
13652,21900103
13517,21900103
13104,21900104
13782,21900104
12511,21900105
13961,21900105
13340,21900106
13343,21900106
12365,21900107
13032,21900107
14001,21900108
13856,21900108
12945,21900109
13517,21900109
12812,21900110
13806,21900110
13657,21900111
12190,21900111
13340,21900097
12565,21900097
12812,21900098
12548,21900098
12190,21900099
13173,21900099
13173,21900100
12392,21900100
12788,21900101
13652,21900101
12614,21900102
14001,21900102
12945,21900091
13652,21900091
12360,21900092
13602,21900092
13652,21900093
13768,21900093
12945,21900094
12511,21900094
13517,21900095
13961,21900095
12788,21900096
13387,21900096
13107,21900085
13856,21900085
13768,21900086
12614,21900086
12812,21900087
13340,21900087
12783,21900088
12548,21900088
13517,21900089
13343,21900089
12392,21900090
13107,21900090
13107,21900077
12812,21900077
13961,21900078
12511,21900078
12812,21900079
13652,21900079
13107,21900080
13517,21900080
12812,21900081
13961,21900081
12945,21900082
12190,21900082
13657,21900083
13387,21900083
13343,21900084
12365,21900084
13410,21900069
12511,21900069
13410,21900070
13340,21900070
13961,21900071
12812,21900071
13032,21900072
12614,21900072
13640,21900073
12365,21900073
12360,21900074
12392,21900074
12812,21900075
13032,21900075
12365,21900076
13961,21900076
13173,21900066
14001,21900066
12511,21900067
13400,21900067
13173,21900068
13856,21900068
13107,21900055
12783,21900055
13400,21900056
13343,21900056
13517,21900057
13410,21900057
13032,21900058
13387,21900058
13640,21900059
12511,21900059
13961,21900060
12783,21900060
12945,21900061
12190,21900061
12945,21900062
13400,21900062
13107,21900063
13387,21900063
12614,21900064
13449,21900064
12511,21900065
12360,21900065
13782,21900052
13961,21900052
13032,21900053
12190,21900053
13032,21900054
13517,21900054
12614,21900041
13387,21900041
13517,21900042
13652,21900042
13410,21900043
12812,21900043
13806,21900044
12788,21900044
12511,21900045
13517,21900045
13652,21900046
13806,21900046
13107,21900047
13173,21900047
14001,21900048
12548,21900048
12360,21900049
12548,21900049
12788,21900050
13652,21900050
12511,21900051
13961,21900051
12511,21900036
12548,21900036
13961,21900037
12783,21900037
13602,21900038
12548,21900038
12783,21900039
13173,21900039
14001,21900040
12511,21900040
12788,21900026
14001,21900026
13400,21900027
13343,21900027
13343,21900028
13340,21900028
13400,21900029
13104,21900029
12392,21900030
13343,21900030
13173,21900031
12360,21900031
13640,21900032
12565,21900032
12788,21900033
13410,21900033
12511,21900034
13782,21900034
13961,21900035
12945,21900035
12788,21900017
13107,21900017
13107,21900018
12392,21900018
12783,21900019
13107,21900019
12788,21900020
12392,21900020
12812,21900021
12365,21900021
12614,21900022
12548,21900022
12788,21900023
12565,21900023
12190,21900024
12788,21900024
13782,21900025
12190,21900025
12392,21900014
12788,21900014
12614,21900015
14001,21900015
12783,21900016
13768,21900016
13449,21900003
12548,21900003
12392,21900004
13961,21900004
13640,21900005
13449,21900005
13107,21900006
12783,21900006
13340,21900007
13602,21900007
12788,21900008
13768,21900008
13961,21900009
13343,21900009
12788,21900010
12365,21900010
12945,21900011
13856,21900011
13602,21900012
13032,21900012
13602,21900013
13400,21900013
12365,21900001
13782,21900001
13032,21900002
13340,21900002
13032,11900074
12392,11900074
13032,11900075
12360,11900075
13961,11900076
12565,11900076
13657,11900077
13652,11900077
13806,11900078
12945,11900078
12360,11900079
13782,11900079
13340,11900069
12783,11900069
13652,11900070
13768,11900070
13602,11900071
13410,11900071
12548,11900072
13652,11900072
13640,11900073
13602,11900073
13343,11900062
13104,11900062
12788,11900063
13517,11900063
13173,11900064
13517,11900064
13395,11900065
12945,11900065
12360,11900066
13652,11900066
13104,11900068
13387,11900068
13806,11900059
13652,11900059
12392,11900060
12548,11900060
14001,11900061
13640,11900061
13806,11900053
12392,11900053
12360,11900054
12365,11900054
13107,11900055
12614,11900055
12511,11900057
12614,11900057
13340,11900056
13657,11900056
13961,11900058
13107,11900058
13782,11900046
13107,11900046
13782,11900048
12945,11900048
13657,11900049
12365,11900049
13961,11900050
13032,11900050
12360,11900051
12365,11900051
14001,11900044
13517,11900044
13107,11900045
12548,11900045
13410,11900037
13657,11900037
12548,11900038
12812,11900038
13961,11900039
12783,11900039
13400,11900040
12812,11900040
13340,11900041
12511,11900041
13652,11900042
12788,11900042
12190,11900043
13032,11900043
12788,11900030
12565,11900030
12614,11900031
14001,11900031
13400,11900034
13856,11900034
13652,11900035
12945,11900035
12788,11900036
12614,11900036
13340,11900024
13806,11900024
12565,11900026
13652,11900026
13517,11900027
12783,11900027
13657,11900028
13806,11900028
12565,11900029
13602,11900029
12190,11900017
13652,11900017
13640,11900019
13449,11900019
13652,11900021
12945,11900021
13104,11900022
12392,11900022
13387,11900023
12812,11900023
12548,11900013
13782,11900013
13395,11900014
13449,11900014
13400,11900015
12190,11900015
13640,11900016
13343,11900016
13395,11900010
13032,11900010
13517,11900005
12365,11900005
13652,11900006
13961,11900006
13806,11900007
13340,11900007
13640,11900002
13856,11900002
13856,11900003
12565,11900003
